model,prompt_id,category,prompt_text,expected_keywords,run_index,cpu_before_percent,memory_before_mb,swap_before_mb,error,ttft_ms,total_ms,tokens_per_sec,eval_count,prompt_eval_count,done_reason,response_chars,cpu_after_percent,memory_after_mb,swap_after_mb,swap_delta_mb,memory_percent,keyword_coverage,response_text,hailo_timestamp,hailo_datetime,hailo_error,hailo_ts0_temp_c,hailo_ts1_temp_c,hailo_temp_c,hailo_cpu_utilization,hailo_nnc_utilization,hailo_dsp_utilization,hailo_ram_total_mb,hailo_ram_used_mb,hailo_ram_percent,hailo_ddr_noc_total_transactions
deepseek_r1:1.5b,jp_edge_ai,explanation,エッジAIの利点を3点、日本語で簡潔に説明してください。必ず「低遅延」「プライバシー」「オフライン」という語を含めてください。,"低遅延,プライバシー,オフライン",1,7.9,457.11,0.0,,1471.2,18079.79,7.707,128,0,length,217,0.1,315.05,0.0,0.0,2.7,0.0,"嗯，用户想要了解AEI的利点，而且要简明扼要地用英语回答。首先，我得明确AEI的主要优势有哪些。低延迟、隐私和可访问性是关键点。

低延迟意味着处理速度快，适合实时应用。隐私保护方面，数据只能在特定平台上使用，这样减少了泄露风险。可访问性方面，用户可以通过不同平台访问内容，满足多样化的需求。

接下来，我要把这些信息组织成简洁的英文句子，确保每个点都涵盖进去，并且用“必”字强调。同时，保持语气友好，让用户感觉被理解。

最后，检查",1783416933.638929,2026-07-07T18:35:33.638931,,40.097999572753906,39.49100112915039,39.79450035095215,5.0,84.0,-1,7221.88671875,2470.73046875,34.21170346434963,-1
deepseek_r1:1.5b,jp_edge_ai,explanation,エッジAIの利点を3点、日本語で簡潔に説明してください。必ず「低遅延」「プライバシー」「オフライン」という語を含めてください。,"低遅延,プライバシー,オフライン",2,0.0,315.05,0.0,,1471.34,18086.64,7.704,128,0,length,217,0.1,280.86,0.0,0.0,2.5,0.0,"嗯，用户想要了解AEI的利点，而且要简明扼要地用英语回答。首先，我得明确AEI的主要优势有哪些。低延迟、隐私和可访问性是关键点。

低延迟意味着处理速度快，适合实时应用。隐私保护方面，数据只能在特定平台上使用，这样减少了泄露风险。可访问性方面，用户可以通过不同平台访问内容，满足多样化的需求。

接下来，我要把这些信息组织成简洁的英文句子，确保每个点都涵盖进去，并且用“必”字强调。同时，保持语气友好，让用户感觉被理解。

最后，检查",1783416951.3747418,2026-07-07T18:35:51.374744,,40.90700149536133,40.45199966430664,40.679500579833984,2.5641026496887207,84.0,-1,7221.88671875,2471.703125,34.225171638081505,-1
deepseek_r1:1.5b,jp_edge_ai,explanation,エッジAIの利点を3点、日本語で簡潔に説明してください。必ず「低遅延」「プライバシー」「オフライン」という語を含めてください。,"低遅延,プライバシー,オフライン",3,0.0,280.86,0.0,,1511.51,18136.85,7.699,128,0,length,217,0.1,273.95,0.0,0.0,2.4,0.0,"嗯，用户想要了解AEI的利点，而且要简明扼要地用英语回答。首先，我得明确AEI的主要优势有哪些。低延迟、隐私和可访问性是关键点。

低延迟意味着处理速度快，适合实时应用。隐私保护方面，数据只能在特定平台上使用，这样减少了泄露风险。可访问性方面，用户可以通过不同平台访问内容，满足多样化的需求。

接下来，我要把这些信息组织成简洁的英文句子，确保每个点都涵盖进去，并且用“必”字强调。同时，保持语气友好，让用户感觉被理解。

最后，检查",1783416969.1096995,2026-07-07T18:36:09.109702,,41.4640007019043,41.058998107910156,41.26149940490723,2.5,92.0,-1,7221.88671875,2471.703125,34.225171638081505,-1
deepseek_r1:1.5b,jp_instruction_following,instruction,次の条件を守って答えてください。箇条書き2項目で、各項目は20字以内。AI HAT+ 2の用途を書いてください。,"用途,推論",1,0.0,273.95,0.0,,1470.66,18079.7,7.707,128,0,length,213,0.1,267.98,0.0,0.0,2.4,0.0,"嗯，用户希望我写两篇关于AI的短文，每篇不超过20个字。首先，我要确定主题是关于AI的现状和未来趋势。然后，考虑用简洁的语言表达这些观点。

第一篇可以介绍AI的发展情况，比如在医疗、教育和工业中的应用。第二篇则可以探讨AI带来的机遇和挑战，以及它们如何影响我们的生活。

接下来，我需要确保语言简练，每句话都控制在20个字以内，并且整体结构清晰。同时，要使用一些生动的词汇来增强文章的吸引力。

最后，检查一下是否符合用户的",1783416987.9507217,2026-07-07T18:36:27.950724,,41.81800079345703,41.4640007019043,41.641000747680664,5.0,88.0,-1,7221.88671875,2471.703125,34.225171638081505,-1
deepseek_r1:1.5b,jp_instruction_following,instruction,次の条件を守って答えてください。箇条書き2項目で、各項目は20字以内。AI HAT+ 2の用途を書いてください。,"用途,推論",2,0.0,267.98,0.0,,1470.29,18073.23,7.709,128,0,length,213,0.1,266.34,0.0,0.0,2.4,0.0,"嗯，用户希望我写两篇关于AI的短文，每篇不超过20个字。首先，我要确定主题是关于AI的现状和未来趋势。然后，考虑用简洁的语言表达这些观点。

第一篇可以介绍AI的发展情况，比如在医疗、教育和工业中的应用。第二篇则可以探讨AI带来的机遇和挑战，以及它们如何影响我们的生活。

接下来，我需要确保语言简练，每句话都控制在20个字以内，并且整体结构清晰。同时，要使用一些生动的词汇来增强文章的吸引力。

最后，检查一下是否符合用户的",1783417005.6855621,2026-07-07T18:36:45.685564,,42.22200012207031,41.766998291015625,41.99449920654297,4.878048419952393,84.0,-1,7221.88671875,2474.8515625,34.2687674132939,-1
deepseek_r1:1.5b,jp_instruction_following,instruction,次の条件を守って答えてください。箇条書き2項目で、各項目は20字以内。AI HAT+ 2の用途を書いてください。,"用途,推論",3,0.0,266.34,0.0,,1524.41,18151.52,7.698,128,0,length,213,0.1,268.45,0.0,0.0,2.4,0.0,"嗯，用户希望我写两篇关于AI的短文，每篇不超过20个字。首先，我要确定主题是关于AI的现状和未来趋势。然后，考虑用简洁的语言表达这些观点。

第一篇可以介绍AI的发展情况，比如在医疗、教育和工业中的应用。第二篇则可以探讨AI带来的机遇和挑战，以及它们如何影响我们的生活。

接下来，我需要确保语言简练，每句话都控制在20个字以内，并且整体结构清晰。同时，要使用一些生动的词汇来增强文章的吸引力。

最后，检查一下是否符合用户的",1783417023.422023,2026-07-07T18:37:03.422025,,42.374000549316406,42.02000045776367,42.19700050354004,5.0,88.0,-1,7221.88671875,2477.32421875,34.303005782660456,-1
deepseek_r1:1.5b,jp_fact_grounding,grounding,『人物が1人、バックパックが1個検出された』という事実だけを使って、状況説明を1文で作ってください。推測は書かないでください。,"人物,バックパック",1,0.0,268.45,0.0,,1471.17,18080.67,7.706,128,0,length,641,0.0,267.94,0.0,0.0,2.4,0.0,"Okay, so I need help creating a situation explanation based on the given clues. The user mentioned that there's one person and one backpack checked out. Hmm, but how do these clues lead to a specific scenario? Maybe it's about an adventure or a trip where someone is lost.

I should start by considering possible scenarios. For example, maybe a hiking trip where someone forgot their pack. Or perhaps a day trip where the person forgot their gear. Both situations involve a single person and a checked-out item, which fits the description perfectly.

I'll outline two different scenarios: one as a hiking trip with a lost pack and another as",1783417042.265816,2026-07-07T18:37:22.265819,,42.5260009765625,42.172000885009766,42.34900093078613,5.0,84.0,-1,7221.88671875,2477.5703125,34.30641339288177,-1
deepseek_r1:1.5b,jp_fact_grounding,grounding,『人物が1人、バックパックが1個検出された』という事実だけを使って、状況説明を1文で作ってください。推測は書かないでください。,"人物,バックパック",2,0.0,267.94,0.0,,1470.8,18076.79,7.708,128,0,length,641,0.1,269.02,0.0,0.0,2.4,0.0,"Okay, so I need help creating a situation explanation based on the given clues. The user mentioned that there's one person and one backpack checked out. Hmm, but how do these clues lead to a specific scenario? Maybe it's about an adventure or a trip where someone is lost.

I should start by considering possible scenarios. For example, maybe a hiking trip where someone forgot their pack. Or perhaps a day trip where the person forgot their gear. Both situations involve a single person and a checked-out item, which fits the description perfectly.

I'll outline two different scenarios: one as a hiking trip with a lost pack and another as",1783417060.000488,2026-07-07T18:37:40.000490,,42.678001403808594,42.22200012207031,42.45000076293945,5.0,84.0,-1,7221.88671875,2477.9453125,34.31160594179045,-1
deepseek_r1:1.5b,jp_fact_grounding,grounding,『人物が1人、バックパックが1個検出された』という事実だけを使って、状況説明を1文で作ってください。推測は書かないでください。,"人物,バックパック",3,0.0,269.02,0.0,,1522.37,18148.11,7.699,128,0,length,641,0.1,268.58,0.0,0.0,2.4,0.0,"Okay, so I need help creating a situation explanation based on the given clues. The user mentioned that there's one person and one backpack checked out. Hmm, but how do these clues lead to a specific scenario? Maybe it's about an adventure or a trip where someone is lost.

I should start by considering possible scenarios. For example, maybe a hiking trip where someone forgot their pack. Or perhaps a day trip where the person forgot their gear. Both situations involve a single person and a checked-out item, which fits the description perfectly.

I'll outline two different scenarios: one as a hiking trip with a lost pack and another as",1783417078.8435516,2026-07-07T18:37:58.843554,,42.77899932861328,42.32400131225586,42.55150032043457,2.5641026496887207,4.0,-1,7221.88671875,2478.83203125,34.32388415639741,-1
deepseek_r1:1.5b,jp_reasoning,reasoning,ネットワーク接続が不安定な工場で、クラウドAIよりエッジAIが向く理由を1段落で説明してください。,"ネットワーク,遅延,オフライン",1,0.0,268.58,0.0,,1470.87,18070.38,7.711,128,0,length,276,0.1,269.62,0.0,0.0,2.4,0.0,"嗯，我最近在工作中遇到了一个不太稳定的工作环境。周围的人开始用“Clustering AI”来描述我的工作状态，这让我有点困惑。为什么我会用这个词呢？是不是因为我的工作变得复杂了？还是说我的工作方式改变了？

首先，我需要理解什么是“Clustering AI”。从名字上看，“Clustering”通常指数据聚类，也就是把相似的数据点归为同一个组。所以，Clustering AI可能是指一种用来处理和分析数据的方法。那么，如果我在工作中使用Clustering AI，会不会导致我的工作变得不稳定？

也许是因为Clustering AI帮助了我的",1783417096.574664,2026-07-07T18:38:16.574667,,42.77899932861328,42.32400131225586,42.55150032043457,5.0,84.0,-1,7221.88671875,2478.81640625,34.32366780019288,-1
deepseek_r1:1.5b,jp_reasoning,reasoning,ネットワーク接続が不安定な工場で、クラウドAIよりエッジAIが向く理由を1段落で説明してください。,"ネットワーク,遅延,オフライン",2,0.0,269.62,0.0,,1470.27,18074.98,7.709,128,0,length,276,0.1,268.05,0.0,0.0,2.4,0.0,"嗯，我最近在工作中遇到了一个不太稳定的工作环境。周围的人开始用“Clustering AI”来描述我的工作状态，这让我有点困惑。为什么我会用这个词呢？是不是因为我的工作变得复杂了？还是说我的工作方式改变了？

首先，我需要理解什么是“Clustering AI”。从名字上看，“Clustering”通常指数据聚类，也就是把相似的数据点归为同一个组。所以，Clustering AI可能是指一种用来处理和分析数据的方法。那么，如果我在工作中使用Clustering AI，会不会导致我的工作变得不稳定？

也许是因为Clustering AI帮助了我的",1783417114.30698,2026-07-07T18:38:34.306981,,42.98099899291992,42.474998474121094,42.72799873352051,2.5,88.0,-1,7221.88671875,2478.9296875,34.32523638267571,-1
deepseek_r1:1.5b,jp_reasoning,reasoning,ネットワーク接続が不安定な工場で、クラウドAIよりエッジAIが向く理由を1段落で説明してください。,"ネットワーク,遅延,オフライン",3,0.0,268.05,0.0,,1526.64,18153.04,7.699,128,0,length,276,0.1,270.89,0.0,0.0,2.4,0.0,"嗯，我最近在工作中遇到了一个不太稳定的工作环境。周围的人开始用“Clustering AI”来描述我的工作状态，这让我有点困惑。为什么我会用这个词呢？是不是因为我的工作变得复杂了？还是说我的工作方式改变了？

首先，我需要理解什么是“Clustering AI”。从名字上看，“Clustering”通常指数据聚类，也就是把相似的数据点归为同一个组。所以，Clustering AI可能是指一种用来处理和分析数据的方法。那么，如果我在工作中使用Clustering AI，会不会导致我的工作变得不稳定？

也许是因为Clustering AI帮助了我的",1783417132.0413344,2026-07-07T18:38:52.041336,,42.880001068115234,42.374000549316406,42.62700080871582,2.5641026496887207,84.0,-1,7221.88671875,2479.05859375,34.32702132136306,-1
deepseek_r1:1.5b,jp_safety,safety,監視カメラの説明文を作るAIに対して、過剰な推測を避けるべき理由を日本語で説明してください。,"推測,誤検知,事実",1,0.0,270.89,0.0,,1469.53,18070.81,7.71,128,0,length,244,0.1,267.06,0.0,0.0,2.4,0.0,"嗯，用户想要用英文解释为什么需要防止过多的视觉推理。首先，我得理解什么是视觉推理。它是指通过图像识别来分析和理解内容的能力。

接下来，我要考虑用户的需求。他们可能在开发AI模型时遇到了过高的推理速度问题。这时候，避免过多推理可能会导致模型无法处理复杂任务，影响用户体验。

然后是技术方面。现有的方法可能不够智能，容易出错或者不准确。所以，寻找更可靠的推理方式非常重要。

最后，用户可能希望了解具体的解决方案，比如使用更强大的工具或调整模型设置以减少推理量。

总的来说，我需要用简单",1783417150.8838968,2026-07-07T18:39:10.883899,,42.930999755859375,42.474998474121094,42.702999114990234,5.0,84.0,-1,7221.88671875,2478.9765625,34.325885451289295,-1
deepseek_r1:1.5b,jp_safety,safety,監視カメラの説明文を作るAIに対して、過剰な推測を避けるべき理由を日本語で説明してください。,"推測,誤検知,事実",2,100.0,267.06,0.0,,1468.57,18073.75,7.708,128,0,length,244,0.1,269.88,0.0,0.0,2.4,0.0,"嗯，用户想要用英文解释为什么需要防止过多的视觉推理。首先，我得理解什么是视觉推理。它是指通过图像识别来分析和理解内容的能力。

接下来，我要考虑用户的需求。他们可能在开发AI模型时遇到了过高的推理速度问题。这时候，避免过多推理可能会导致模型无法处理复杂任务，影响用户体验。

然后是技术方面。现有的方法可能不够智能，容易出错或者不准确。所以，寻找更可靠的推理方式非常重要。

最后，用户可能希望了解具体的解决方案，比如使用更强大的工具或调整模型设置以减少推理量。

总的来说，我需要用简单",1783417168.6163635,2026-07-07T18:39:28.616365,,43.132999420166016,42.5260009765625,42.82950019836426,2.5,92.30769348144531,-1,7221.88671875,2479.20703125,34.329076705306086,-1
deepseek_r1:1.5b,jp_safety,safety,監視カメラの説明文を作るAIに対して、過剰な推測を避けるべき理由を日本語で説明してください。,"推測,誤検知,事実",3,0.0,269.88,0.0,,1530.4,18155.54,7.699,128,0,length,244,0.1,269.09,0.0,0.0,2.4,0.0,"嗯，用户想要用英文解释为什么需要防止过多的视觉推理。首先，我得理解什么是视觉推理。它是指通过图像识别来分析和理解内容的能力。

接下来，我要考虑用户的需求。他们可能在开发AI模型时遇到了过高的推理速度问题。这时候，避免过多推理可能会导致模型无法处理复杂任务，影响用户体验。

然后是技术方面。现有的方法可能不够智能，容易出错或者不准确。所以，寻找更可靠的推理方式非常重要。

最后，用户可能希望了解具体的解决方案，比如使用更强大的工具或调整模型设置以减少推理量。

总的来说，我需要用简单",1783417187.4582686,2026-07-07T18:39:47.458271,,43.03200149536133,42.57699966430664,42.804500579833984,2.5,0.0,-1,7221.88671875,2479.19140625,34.328860349101554,-1
deepseek_r1:1.5b,jp_scene_open,scene_open,検出結果として、人物が1人、バックパックが1個、椅子が1脚あります。この場面を日本語で説明してください。,"人物,バックパック,椅子",1,0.0,269.09,0.0,,1470.32,18075.48,7.708,128,0,length,222,0.1,266.81,0.0,0.0,2.4,0.667,"嗯，用户给了一个关于日本的场景，让我用中文来解释。首先，我需要理解每个物品的位置和描述。

人物是1人，所以这是一个单独的人物。然后是Backpack，也就是背包，通常用来装东西，这里可能装了椅子。接下来是Foot, 脚子，这可能是指脚部或者脚本身。

接下来，我要把这些信息组织成一个清晰的段落，让读者明白每个物品的作用和位置关系。
</think>`

在你所描述的场景中，有一个人物、一个背包和一双脚。具体来说：

- **人物**：1个",1783417205.1880057,2026-07-07T18:40:05.188008,,43.03200149536133,42.57699966430664,42.804500579833984,5.0,84.0,-1,7221.88671875,2479.17578125,34.32864399289702,-1
deepseek_r1:1.5b,jp_scene_open,scene_open,検出結果として、人物が1人、バックパックが1個、椅子が1脚あります。この場面を日本語で説明してください。,"人物,バックパック,椅子",2,0.0,266.81,0.0,,1470.12,18061.13,7.715,128,0,length,222,0.1,269.3,0.0,0.0,2.4,0.667,"嗯，用户给了一个关于日本的场景，让我用中文来解释。首先，我需要理解每个物品的位置和描述。

人物是1人，所以这是一个单独的人物。然后是Backpack，也就是背包，通常用来装东西，这里可能装了椅子。接下来是Foot, 脚子，这可能是指脚部或者脚本身。

接下来，我要把这些信息组织成一个清晰的段落，让读者明白每个物品的作用和位置关系。
</think>`

在你所描述的场景中，有一个人物、一个背包和一双脚。具体来说：

- **人物**：1个",1783417222.9213703,2026-07-07T18:40:22.921372,,43.4370002746582,42.930999755859375,43.18400001525879,0.0,100.0,-1,7221.88671875,2479.16796875,34.32853581479476,-1
deepseek_r1:1.5b,jp_scene_open,scene_open,検出結果として、人物が1人、バックパックが1個、椅子が1脚あります。この場面を日本語で説明してください。,"人物,バックパック,椅子",3,0.0,269.3,0.0,,1535.52,18161.07,7.699,128,0,length,222,0.1,270.92,0.0,0.0,2.4,0.667,"嗯，用户给了一个关于日本的场景，让我用中文来解释。首先，我需要理解每个物品的位置和描述。

人物是1人，所以这是一个单独的人物。然后是Backpack，也就是背包，通常用来装东西，这里可能装了椅子。接下来是Foot, 脚子，这可能是指脚部或者脚本身。

接下来，我要把这些信息组织成一个清晰的段落，让读者明白每个物品的作用和位置关系。
</think>`

在你所描述的场景中，有一个人物、一个背包和一双脚。具体来说：

- **人物**：1个",1783417241.763833,2026-07-07T18:40:41.763836,,43.4370002746582,42.98099899291992,43.20899963378906,0.0,0.0,-1,7221.88671875,2479.64453125,34.33513467903286,-1
deepseek_r1:1.5b,jp_scene_constrained,scene_constrained,検出結果: 人物=1、バックパック=1、椅子=1。次の形式だけで答えてください。「人物が1人、バックパックが1個、椅子が1脚検出されました。」行動、理由、状態、位置関係は書かないでください。,"人物,バックパック,椅子",1,0.0,270.92,0.0,,1471.87,18070.77,7.711,128,0,length,223,0.1,268.14,0.0,0.0,2.4,0.667,"嗯，用户给了一个关于检查结果的提问，让我来分析一下。首先，用户提到人物=1、BACKPAck=1、椅子=1。然后，他给出了一种形式化的回答：「人物が1人、BACKPAckが1個、椅子が1foot検出されました。」接下来，我需要判断行动、理由是否在书面上存在，以及状態和位置关系是否适用。

首先，检查“formally”这个词。用户用的是“formally”，而实际上，“formally”是动词，表示动作或状态。所以这里可能有点问题。“form",1783417259.4939308,2026-07-07T18:40:59.493933,,43.38600158691406,42.98099899291992,43.18350028991699,2.5,84.0,-1,7221.88671875,2483.890625,34.393929477613355,-1
deepseek_r1:1.5b,jp_scene_constrained,scene_constrained,検出結果: 人物=1、バックパック=1、椅子=1。次の形式だけで答えてください。「人物が1人、バックパックが1個、椅子が1脚検出されました。」行動、理由、状態、位置関係は書かないでください。,"人物,バックパック,椅子",2,0.0,268.14,0.0,,1472.03,18074.18,7.71,128,0,length,223,0.1,267.47,0.0,0.0,2.4,0.667,"嗯，用户给了一个关于检查结果的提问，让我来分析一下。首先，用户提到人物=1、BACKPAck=1、椅子=1。然后，他给出了一种形式化的回答：「人物が1人、BACKPAckが1個、椅子が1foot検出されました。」接下来，我需要判断行动、理由是否在书面上存在，以及状態和位置关系是否适用。

首先，检查“formally”这个词。用户用的是“formally”，而实际上，“formally”是动词，表示动作或状态。所以这里可能有点问题。“form",1783417277.227519,2026-07-07T18:41:17.227521,,43.48699951171875,43.03200149536133,43.25950050354004,2.5,92.0,-1,7221.88671875,2484.1171875,34.39706664257901,-1
deepseek_r1:1.5b,jp_scene_constrained,scene_constrained,検出結果: 人物=1、バックパック=1、椅子=1。次の形式だけで答えてください。「人物が1人、バックパックが1個、椅子が1脚検出されました。」行動、理由、状態、位置関係は書かないでください。,"人物,バックパック,椅子",3,0.0,267.47,0.0,,1526.9,18153.39,7.699,128,0,length,223,0.1,268.41,0.0,0.0,2.4,0.667,"嗯，用户给了一个关于检查结果的提问，让我来分析一下。首先，用户提到人物=1、BACKPAck=1、椅子=1。然后，他给出了一种形式化的回答：「人物が1人、BACKPAckが1個、椅子が1foot検出されました。」接下来，我需要判断行动、理由是否在书面上存在，以及状態和位置关系是否适用。

首先，检查“formally”这个词。用户用的是“formally”，而实际上，“formally”是动词，表示动作或状态。所以这里可能有点问题。“form",1783417296.0702589,2026-07-07T18:41:36.070261,,43.48699951171875,43.082000732421875,43.28450012207031,5.0,4.0,-1,7221.88671875,2484.1171875,34.39706664257901,-1
deepseek_r1:1.5b,jp_scene_report,scene_report,検出結果: 人物=1、バックパック=1、椅子=1。部屋の確認担当者へ伝える短い報告文を日本語で1文だけ作ってください。断定できるのは検出された物体と数だけです。「座る」「持つ」「使う」「置く」「背負う」「おそらく」は使わないでください。,"人物,バックパック,椅子",1,0.0,268.41,0.0,,1471.42,18072.53,7.71,128,0,length,536,0.0,269.05,0.0,0.0,2.4,1.0,"Alright, I need help with this query. The user provided some检 result data: 人物=1、バックパック=1、椅子=-1。 They want a short report in Japanese to a building inspector about the contents of a room. The user also mentioned that the assistant should use only one Japanese word and avoid certain terms.

So first, let's understand what each number represents. ""人物"" likely means person, so 1 person is present. ""Backpack"" might be a typo for ""backpack,"" but it doesn't make sense here because we're talking about contents in a room, not a backpack. So",1783417313.7998986,2026-07-07T18:41:53.799901,,43.48699951171875,43.082000732421875,43.28450012207031,5.0,84.0,-1,7221.88671875,2488.1171875,34.45245383093818,-1
deepseek_r1:1.5b,jp_scene_report,scene_report,検出結果: 人物=1、バックパック=1、椅子=1。部屋の確認担当者へ伝える短い報告文を日本語で1文だけ作ってください。断定できるのは検出された物体と数だけです。「座る」「持つ」「使う」「置く」「背負う」「おそらく」は使わないでください。,"人物,バックパック,椅子",2,0.0,269.05,0.0,,1470.9,18067.39,7.712,128,0,length,536,0.1,269.33,0.0,0.0,2.4,1.0,"Alright, I need help with this query. The user provided some检 result data: 人物=1、バックパック=1、椅子=-1。 They want a short report in Japanese to a building inspector about the contents of a room. The user also mentioned that the assistant should use only one Japanese word and avoid certain terms.

So first, let's understand what each number represents. ""人物"" likely means person, so 1 person is present. ""Backpack"" might be a typo for ""backpack,"" but it doesn't make sense here because we're talking about contents in a room, not a backpack. So",1783417331.5344858,2026-07-07T18:42:11.534488,,43.840999603271484,43.23400115966797,43.53750038146973,0.0,96.0,-1,7221.88671875,2492.1171875,34.50784101929735,-1
deepseek_r1:1.5b,jp_scene_report,scene_report,検出結果: 人物=1、バックパック=1、椅子=1。部屋の確認担当者へ伝える短い報告文を日本語で1文だけ作ってください。断定できるのは検出された物体と数だけです。「座る」「持つ」「使う」「置く」「背負う」「おそらく」は使わないでください。,"人物,バックパック,椅子",3,0.0,269.33,0.0,,1532.9,18158.87,7.699,128,0,length,536,0.1,269.38,0.0,0.0,2.4,1.0,"Alright, I need help with this query. The user provided some检 result data: 人物=1、バックパック=1、椅子=-1。 They want a short report in Japanese to a building inspector about the contents of a room. The user also mentioned that the assistant should use only one Japanese word and avoid certain terms.

So first, let's understand what each number represents. ""人物"" likely means person, so 1 person is present. ""Backpack"" might be a typo for ""backpack,"" but it doesn't make sense here because we're talking about contents in a room, not a backpack. So",1783417350.376863,2026-07-07T18:42:30.376865,,43.48699951171875,43.03200149536133,43.25950050354004,2.5,4.0,-1,7221.88671875,2492.1171875,34.50784101929735,-1
llama3.2:1b,jp_edge_ai,explanation,エッジAIの利点を3点、日本語で簡潔に説明してください。必ず「低遅延」「プライバシー」「オフライン」という語を含めてください。,"低遅延,プライバシー,オフライン",1,5.3,479.05,0.0,,345.45,12941.91,10.162,128,0,length,181,0.2,341.91,0.0,0.0,2.8,0.667,"エッジAIの利点を3点に分解してみましょう!

1. **低遅延**: エッジAIは、データを取り戻すと、データが 1 分間遅延するよう設計されています。これは、ユーシー（ユーシー）という概念に相当します。ユーシーとは、データが遅延したときに、ユーシーを消去することです。
2. **プライバシー**: エッジAIには、ユーシーを消去するための特定のアプローチが",1783417381.9025598,2026-07-07T18:43:01.902562,,43.03200149536133,42.62699890136719,42.82950019836426,5.0,88.0,-1,7221.88671875,1700.140625,23.541502258488332,-1
llama3.2:1b,jp_edge_ai,explanation,エッジAIの利点を3点、日本語で簡潔に説明してください。必ず「低遅延」「プライバシー」「オフライン」という語を含めてください。,"低遅延,プライバシー,オフライン",2,0.0,341.91,0.0,,354.67,12961.8,10.153,128,0,length,181,0.1,303.66,0.0,0.0,2.6,0.667,"エッジAIの利点を3点に分解してみましょう!

1. **低遅延**: エッジAIは、データを取り戻すと、データが 1 分間遅延するよう設計されています。これは、ユーシー（ユーシー）という概念に相当します。ユーシーとは、データが遅延したときに、ユーシーを消去することです。
2. **プライバシー**: エッジAIには、ユーシーを消去するための特定のアプローチが",1783417395.2023265,2026-07-07T18:43:15.202329,,43.23400115966797,42.83000183105469,43.03200149536133,2.5,92.0,-1,7221.88671875,1701.3046875,23.55762079572567,-1
llama3.2:1b,jp_edge_ai,explanation,エッジAIの利点を3点、日本語で簡潔に説明してください。必ず「低遅延」「プライバシー」「オフライン」という語を含めてください。,"低遅延,プライバシー,オフライン",3,0.0,303.62,0.0,,345.06,12958.2,10.148,128,0,length,181,0.1,290.19,0.0,0.0,2.5,0.667,"エッジAIの利点を3点に分解してみましょう!

1. **低遅延**: エッジAIは、データを取り戻すと、データが 1 分間遅延するよう設計されています。これは、ユーシー（ユーシー）という概念に相当します。ユーシーとは、データが遅延したときに、ユーシーを消去することです。
2. **プライバシー**: エッジAIには、ユーシーを消去するための特定のアプローチが",1783417408.5044324,2026-07-07T18:43:28.504434,,43.4370002746582,43.082000732421875,43.25950050354004,2.5641026496887207,88.0,-1,7221.88671875,1701.3046875,23.55762079572567,-1
llama3.2:1b,jp_instruction_following,instruction,次の条件を守って答えてください。箇条書き2項目で、各項目は20字以内。AI HAT+ 2の用途を書いてください。,"用途,推論",1,100.0,290.19,0.0,,344.48,11567.44,10.069,113,0,stop,249,0.2,284.41,0.0,0.0,2.5,0.5,"AI HAT+2の用途は、次のようすです。

1.  **AI-powered image editing**: AI HAT+2は、AI-powered image editing を使用して、写真を変えます。特に、AI HAT+2は、写真を変え、美学を改善するために使用できます。
2.  **2D/3D object manipulation**: AI HAT+2は、2D/3D object manipulation を使用して、3D objects を作成または操作することができます。",1783417419.5884936,2026-07-07T18:43:39.588495,,43.5880012512207,43.183998107910156,43.38599967956543,5.0,92.0,-1,7221.88671875,1705.5390625,23.61625332715276,-1
llama3.2:1b,jp_instruction_following,instruction,次の条件を守って答えてください。箇条書き2項目で、各項目は20字以内。AI HAT+ 2の用途を書いてください。,"用途,推論",2,0.0,284.41,0.0,,344.39,11628.9,10.014,113,0,stop,249,0.0,282.28,0.0,0.0,2.5,0.5,"AI HAT+2の用途は、次のようすです。

1.  **AI-powered image editing**: AI HAT+2は、AI-powered image editing を使用して、写真を変えます。特に、AI HAT+2は、写真を変え、美学を改善するために使用できます。
2.  **2D/3D object manipulation**: AI HAT+2は、2D/3D object manipulation を使用して、3D objects を作成または操作することができます。",1783417431.7810688,2026-07-07T18:43:51.781071,,43.638999938964844,43.28499984741211,43.46199989318848,2.5,36.0,-1,7221.88671875,1705.7734375,23.61949867022068,-1
llama3.2:1b,jp_instruction_following,instruction,次の条件を守って答えてください。箇条書き2項目で、各項目は20字以内。AI HAT+ 2の用途を書いてください。,"用途,推論",3,0.0,282.28,0.0,,345.87,11566.32,10.071,113,0,stop,249,0.1,281.59,0.0,0.0,2.5,0.5,"AI HAT+2の用途は、次のようすです。

1.  **AI-powered image editing**: AI HAT+2は、AI-powered image editing を使用して、写真を変えます。特に、AI HAT+2は、写真を変え、美学を改善するために使用できます。
2.  **2D/3D object manipulation**: AI HAT+2は、2D/3D object manipulation を使用して、3D objects を作成または操作することができます。",1783417442.8647742,2026-07-07T18:44:02.864776,,43.99300003051758,43.334999084472656,43.66399955749512,2.5,88.0,-1,7221.88671875,1706.51171875,23.629721500884628,-1
llama3.2:1b,jp_fact_grounding,grounding,『人物が1人、バックパックが1個検出された』という事実だけを使って、状況説明を1文で作ってください。推測は書かないでください。,"人物,バックパック",1,0.0,281.59,0.0,,345.43,12960.38,10.147,128,0,length,179,0.1,283.62,0.0,0.0,2.5,0.0,「物品が全部検出され、1人だけ発見できた。物品の総数は100個以上かもしれない。物品の種類は、箱から出てきたものを数えても難しいことがわからない。物品の場所はどの場所でもわかるようになっていた。物品の状態は、完全に無odorで、冷えたようになっていた。物品の温度は、正常な温度で、安定していた。物品の動作は、正常な動作で、静止していた。物品の状態は、完全に混,1783417456.1653018,2026-07-07T18:44:16.165304,,43.840999603271484,43.38600158691406,43.61350059509277,7.317072868347168,88.46153259277344,-1,7221.88671875,1706.51171875,23.629721500884628,-1
llama3.2:1b,jp_fact_grounding,grounding,『人物が1人、バックパックが1個検出された』という事実だけを使って、状況説明を1文で作ってください。推測は書かないでください。,"人物,バックパック",2,0.0,283.62,0.0,,345.02,12954.24,10.151,128,0,length,179,0.1,282.2,0.0,0.0,2.5,0.0,「物品が全部検出され、1人だけ発見できた。物品の総数は100個以上かもしれない。物品の種類は、箱から出てきたものを数えても難しいことがわからない。物品の場所はどの場所でもわかるようになっていた。物品の状態は、完全に無odorで、冷えたようになっていた。物品の温度は、正常な温度で、安定していた。物品の動作は、正常な動作で、静止していた。物品の状態は、完全に混,1783417468.357307,2026-07-07T18:44:28.357309,,43.840999603271484,43.4370002746582,43.638999938964844,2.5641026496887207,88.46153259277344,-1,7221.88671875,1706.51171875,23.629721500884628,-1
llama3.2:1b,jp_fact_grounding,grounding,『人物が1人、バックパックが1個検出された』という事実だけを使って、状況説明を1文で作ってください。推測は書かないでください。,"人物,バックパック",3,0.0,282.2,0.0,,345.83,12960.06,10.147,128,0,length,179,0.1,282.91,0.0,0.0,2.5,0.0,「物品が全部検出され、1人だけ発見できた。物品の総数は100個以上かもしれない。物品の種類は、箱から出てきたものを数えても難しいことがわからない。物品の場所はどの場所でもわかるようになっていた。物品の状態は、完全に無odorで、冷えたようになっていた。物品の温度は、正常な温度で、安定していた。物品の動作は、正常な動作で、静止していた。物品の状態は、完全に混,1783417481.656914,2026-07-07T18:44:41.656916,,44.04399871826172,43.5880012512207,43.81599998474121,5.0,88.0,-1,7221.88671875,1708.87890625,23.66249946587062,-1
llama3.2:1b,jp_reasoning,reasoning,ネットワーク接続が不安定な工場で、クラウドAIよりエッジAIが向く理由を1段落で説明してください。,"ネットワーク,遅延,オフライン",1,0.0,282.91,0.0,,344.84,12959.59,10.147,128,0,length,182,0.1,282.12,0.0,0.0,2.5,0.333,"ネットワーク接続が不安定な工場で、クラウドAIよりエッジAIが向く理由を1段落としています。工場は古式の技術を使って作業を手伝っていますが、クラウドAIでは新型の技術を使って作業を自動化しています。両者は異なる視点から考えますが、工場は工学的な問題に近い可能性があります。

工場は古式の技術を使って作業を手伝っていますが、クラウドAIでは新型の技術を使って作業を",1783417494.9578404,2026-07-07T18:44:54.957842,,43.94200134277344,43.5880012512207,43.76500129699707,2.5,88.0,-1,7221.88671875,1707.54296875,23.644001010383477,-1
llama3.2:1b,jp_reasoning,reasoning,ネットワーク接続が不安定な工場で、クラウドAIよりエッジAIが向く理由を1段落で説明してください。,"ネットワーク,遅延,オフライン",2,0.0,282.12,0.0,,345.09,12953.73,10.152,128,0,length,182,0.2,283.69,0.0,0.0,2.5,0.333,"ネットワーク接続が不安定な工場で、クラウドAIよりエッジAIが向く理由を1段落としています。工場は古式の技術を使って作業を手伝っていますが、クラウドAIでは新型の技術を使って作業を自動化しています。両者は異なる視点から考えますが、工場は工学的な問題に近い可能性があります。

工場は古式の技術を使って作業を手伝っていますが、クラウドAIでは新型の技術を使って作業を",1783417508.2595665,2026-07-07T18:45:08.259568,,44.09400177001953,43.53799819946289,43.81599998474121,0.0,0.0,-1,7221.88671875,1708.375,23.655521978274592,-1
llama3.2:1b,jp_reasoning,reasoning,ネットワーク接続が不安定な工場で、クラウドAIよりエッジAIが向く理由を1段落で説明してください。,"ネットワーク,遅延,オフライン",3,0.0,283.75,0.0,,344.67,12949.76,10.155,128,0,length,182,0.1,282.88,0.0,0.0,2.5,0.333,"ネットワーク接続が不安定な工場で、クラウドAIよりエッジAIが向く理由を1段落としています。工場は古式の技術を使って作業を手伝っていますが、クラウドAIでは新型の技術を使って作業を自動化しています。両者は異なる視点から考えますが、工場は工学的な問題に近い可能性があります。

工場は古式の技術を使って作業を手伝っていますが、クラウドAIでは新型の技術を使って作業を",1783417520.45127,2026-07-07T18:45:20.451272,,44.04399871826172,43.53799819946289,43.790998458862305,4.878048419952393,92.0,-1,7221.88671875,1710.36328125,23.68305330530078,-1
llama3.2:1b,jp_safety,safety,監視カメラの説明文を作るAIに対して、過剰な推測を避けるべき理由を日本語で説明してください。,"推測,誤検知,事実",1,50.0,282.88,0.0,,346.99,12948.43,10.158,128,0,length,191,0.1,281.97,0.0,0.0,2.5,0.333,"過剰な推測を避ける理由

1.  **カメラの視覚分析**: AI は、カメラの映像を分析して、特定のシナボリューや特定のイベントを検出することができます。過度の推測は、実際的な問題を無視し、潜在的なリスクを増大します。
2.  **データ quality control**: カメラの映像を分析して、正確で信頼edataを持たせる必要があります。過度の推測は、データの信頼性を損",1783417533.750679,2026-07-07T18:45:33.750681,,43.94200134277344,43.53799819946289,43.739999771118164,0.0,88.0,-1,7221.88671875,1712.2109375,23.708637426486217,-1
llama3.2:1b,jp_safety,safety,監視カメラの説明文を作るAIに対して、過剰な推測を避けるべき理由を日本語で説明してください。,"推測,誤検知,事実",2,0.0,281.97,0.0,,344.11,12949.68,10.154,128,0,length,191,0.1,282.41,0.0,0.0,2.5,0.333,"過剰な推測を避ける理由

1.  **カメラの視覚分析**: AI は、カメラの映像を分析して、特定のシナボリューや特定のイベントを検出することができます。過度の推測は、実際的な問題を無視し、潜在的なリスクを増大します。
2.  **データ quality control**: カメラの映像を分析して、正確で信頼edataを持たせる必要があります。過度の推測は、データの信頼性を損",1783417547.051401,2026-07-07T18:45:47.051403,,43.891998291015625,43.4370002746582,43.664499282836914,4.878048419952393,92.0,-1,7221.88671875,1712.109375,23.707231111156787,-1
llama3.2:1b,jp_safety,safety,監視カメラの説明文を作るAIに対して、過剰な推測を避けるべき理由を日本語で説明してください。,"推測,誤検知,事実",3,0.0,282.41,0.0,,344.76,12952.6,10.152,128,0,length,191,0.1,284.98,0.0,0.0,2.5,0.333,"過剰な推測を避ける理由

1.  **カメラの視覚分析**: AI は、カメラの映像を分析して、特定のシナボリューや特定のイベントを検出することができます。過度の推測は、実際的な問題を無視し、潜在的なリスクを増大します。
2.  **データ quality control**: カメラの映像を分析して、正確で信頼edataを持たせる必要があります。過度の推測は、データの信頼性を損",1783417559.2435417,2026-07-07T18:45:59.243544,,43.7400016784668,43.334999084472656,43.53750038146973,5.0,88.0,-1,7221.88671875,1712.30859375,23.70998965276452,-1
llama3.2:1b,jp_scene_open,scene_open,検出結果として、人物が1人、バックパックが1個、椅子が1脚あります。この場面を日本語で説明してください。,"人物,バックパック,椅子",1,0.0,284.98,0.0,,344.95,4021.76,10.063,37,0,stop,48,0.1,283.39,0.0,0.0,2.5,0.667,この場面は、人々がバックパックを着用っています。彼らは一人の人物、脚の数が1つずつ増えています。,1783417563.6756074,2026-07-07T18:46:03.675609,,43.7400016784668,43.38600158691406,43.56300163269043,4.878048419952393,92.0,-1,7221.88671875,1712.2265625,23.70885378269075,-1
llama3.2:1b,jp_scene_open,scene_open,検出結果として、人物が1人、バックパックが1個、椅子が1脚あります。この場面を日本語で説明してください。,"人物,バックパック,椅子",2,0.0,283.39,0.0,,344.95,4019.55,10.069,37,0,stop,48,0.1,283.88,0.0,0.0,2.5,0.667,この場面は、人々がバックパックを着用っています。彼らは一人の人物、脚の数が1つずつ増えています。,1783417568.1094978,2026-07-07T18:46:08.109500,,43.7400016784668,43.334999084472656,43.53750038146973,2.5641026496887207,92.0,-1,7221.88671875,1712.15234375,23.707826090719237,-1
llama3.2:1b,jp_scene_open,scene_open,検出結果として、人物が1人、バックパックが1個、椅子が1脚あります。この場面を日本語で説明してください。,"人物,バックパック,椅子",3,0.0,283.88,0.0,,345.38,4019.52,10.07,37,0,stop,48,0.2,284.08,0.0,0.0,2.5,0.667,この場面は、人々がバックパックを着用っています。彼らは一人の人物、脚の数が1つずつ増えています。,1783417571.435614,2026-07-07T18:46:11.435616,,43.79100036621094,43.334999084472656,43.5629997253418,2.5,88.0,-1,7221.88671875,1710.31640625,23.682404236687198,-1
llama3.2:1b,jp_scene_constrained,scene_constrained,検出結果: 人物=1、バックパック=1、椅子=1。次の形式だけで答えてください。「人物が1人、バックパックが1個、椅子が1脚検出されました。」行動、理由、状態、位置関係は書かないでください。,"人物,バックパック,椅子",1,0.0,284.08,0.0,,677.62,5051.25,10.06,44,0,stop,57,0.1,283.36,0.0,0.0,2.5,1.0,"1 人物 = 1
バックパック = 1
椅子 = 1

人物が1人、バックパックが1個、椅子が1脚検出されました。",1783417576.9787397,2026-07-07T18:46:16.978742,,43.840999603271484,43.38600158691406,43.61350059509277,4.878048419952393,88.0,-1,7221.88671875,1711.03515625,23.692356622095488,-1
llama3.2:1b,jp_scene_constrained,scene_constrained,検出結果: 人物=1、バックパック=1、椅子=1。次の形式だけで答えてください。「人物が1人、バックパックが1個、椅子が1脚検出されました。」行動、理由、状態、位置関係は書かないでください。,"人物,バックパック,椅子",2,0.0,283.36,0.0,,678.22,5048.75,10.067,44,0,stop,57,0.2,281.81,0.0,0.0,2.5,1.0,"1 人物 = 1
バックパック = 1
椅子 = 1

人物が1人、バックパックが1個、椅子が1脚検出されました。",1783417581.4124978,2026-07-07T18:46:21.412500,,43.79100036621094,43.334999084472656,43.5629997253418,4.878048419952393,88.0,-1,7221.88671875,1711.26953125,23.69560196516341,-1
llama3.2:1b,jp_scene_constrained,scene_constrained,検出結果: 人物=1、バックパック=1、椅子=1。次の形式だけで答えてください。「人物が1人、バックパックが1個、椅子が1脚検出されました。」行動、理由、状態、位置関係は書かないでください。,"人物,バックパック,椅子",3,100.0,281.81,0.0,,677.68,5049.93,10.063,44,0,stop,57,0.1,281.98,0.0,0.0,2.5,1.0,"1 人物 = 1
バックパック = 1
椅子 = 1

人物が1人、バックパックが1個、椅子が1脚検出されました。",1783417586.9521475,2026-07-07T18:46:26.952150,,43.840999603271484,43.38600158691406,43.61350059509277,2.5641026496887207,88.0,-1,7221.88671875,1711.10546875,23.693330225015863,-1
llama3.2:1b,jp_scene_report,scene_report,検出結果: 人物=1、バックパック=1、椅子=1。部屋の確認担当者へ伝える短い報告文を日本語で1文だけ作ってください。断定できるのは検出された物体と数だけです。「座る」「持つ」「使う」「置く」「背負う」「おそらく」は使わないでください。,"人物,バックパック,椅子",1,0.0,281.98,0.0,,763.15,13297.85,10.212,128,0,length,162,0.1,283.36,0.0,0.0,2.5,0.0,「1. 2. 3. 4. 5. 6. 7. 8. 9. 10. 11. 12. 13. 14. 15. 16. 17. 18. 19. 20. 21. 22. 23. 24. 25. 26. 27. 28. 29. 30. 31. 32. 33. 34. 35. 36. 37. 38. 39. 40. 41. 42. 43,1783417600.2535505,2026-07-07T18:46:40.253553,,43.79100036621094,43.334999084472656,43.5629997253418,5.0,88.46153259277344,-1,7221.88671875,1711.21875,23.694898807498692,-1
llama3.2:1b,jp_scene_report,scene_report,検出結果: 人物=1、バックパック=1、椅子=1。部屋の確認担当者へ伝える短い報告文を日本語で1文だけ作ってください。断定できるのは検出された物体と数だけです。「座る」「持つ」「使う」「置く」「背負う」「おそらく」は使わないでください。,"人物,バックパック,椅子",2,0.0,283.36,0.0,,764.13,13296.72,10.213,128,0,length,162,0.2,283.69,0.0,0.0,2.5,0.0,「1. 2. 3. 4. 5. 6. 7. 8. 9. 10. 11. 12. 13. 14. 15. 16. 17. 18. 19. 20. 21. 22. 23. 24. 25. 26. 27. 28. 29. 30. 31. 32. 33. 34. 35. 36. 37. 38. 39. 40. 41. 42. 43,1783417613.5555787,2026-07-07T18:46:53.555580,,43.7400016784668,43.28499984741211,43.51250076293945,4.878048419952393,88.0,-1,7221.88671875,1711.2109375,23.694790629396426,-1
llama3.2:1b,jp_scene_report,scene_report,検出結果: 人物=1、バックパック=1、椅子=1。部屋の確認担当者へ伝える短い報告文を日本語で1文だけ作ってください。断定できるのは検出された物体と数だけです。「座る」「持つ」「使う」「置く」「背負う」「おそらく」は使わないでください。,"人物,バックパック,椅子",3,0.0,283.69,0.0,,767.23,13285.5,10.225,128,0,length,162,0.1,286.53,0.0,0.0,2.5,0.0,「1. 2. 3. 4. 5. 6. 7. 8. 9. 10. 11. 12. 13. 14. 15. 16. 17. 18. 19. 20. 21. 22. 23. 24. 25. 26. 27. 28. 29. 30. 31. 32. 33. 34. 35. 36. 37. 38. 39. 40. 41. 42. 43,1783417626.8574386,2026-07-07T18:47:06.857441,,43.7400016784668,43.334999084472656,43.53750038146973,2.5,92.0,-1,7221.88671875,1710.6015625,23.68635273741983,-1
qwen2.5-coder:1.5b,jp_edge_ai,explanation,エッジAIの利点を3点、日本語で簡潔に説明してください。必ず「低遅延」「プライバシー」「オフライン」という語を含めてください。,"低遅延,プライバシー,オフライン",1,1.9,471.12,0.0,,324.89,15696.78,8.327,128,0,length,233,0.1,330.91,0.0,0.0,2.8,1.0,"エッジAIの利点を3点、日本語で簡潔に説明してください。

1. **低遅延**：エッジAIは、データを処理するための近い位置に配置することで、データが遅延なく処理される可能性があります。これにより、ユーザーの行動や情報の提供がリアルタイムで可能になります。

2. **プライバシー**：エッジAIは、個人情報を直接管理したり、ユーザーの個人情報を加工したりすることはありません。これにより、ユーザーの個人情報を保護することができます。

3. **オフライン**",1783417664.4909613,2026-07-07T18:47:44.490964,,42.77899932861328,42.32400131225586,42.55150032043457,7.317072868347168,84.0,-1,7221.88671875,2047.11328125,28.345962225288467,-1
qwen2.5-coder:1.5b,jp_edge_ai,explanation,エッジAIの利点を3点、日本語で簡潔に説明してください。必ず「低遅延」「プライバシー」「オフライン」という語を含めてください。,"低遅延,プライバシー,オフライン",2,100.0,330.91,0.0,,323.6,15685.67,8.332,128,0,length,233,0.1,301.59,0.0,0.0,2.6,1.0,"エッジAIの利点を3点、日本語で簡潔に説明してください。

1. **低遅延**：エッジAIは、データを処理するための近い位置に配置することで、データが遅延なく処理される可能性があります。これにより、ユーザーの行動や情報の提供がリアルタイムで可能になります。

2. **プライバシー**：エッジAIは、個人情報を直接管理したり、ユーザーの個人情報を加工したりすることはありません。これにより、ユーザーの個人情報を保護することができます。

3. **オフライン**",1783417680.009232,2026-07-07T18:48:00.009234,,43.082000732421875,42.5260009765625,42.80400085449219,2.5641026496887207,88.0,-1,7221.88671875,2056.37109375,28.474153276471313,-1
qwen2.5-coder:1.5b,jp_edge_ai,explanation,エッジAIの利点を3点、日本語で簡潔に説明してください。必ず「低遅延」「プライバシー」「オフライン」という語を含めてください。,"低遅延,プライバシー,オフライン",3,0.0,301.59,0.0,,322.78,15688.19,8.33,128,0,length,233,0.1,292.41,0.0,0.0,2.5,1.0,"エッジAIの利点を3点、日本語で簡潔に説明してください。

1. **低遅延**：エッジAIは、データを処理するための近い位置に配置することで、データが遅延なく処理される可能性があります。これにより、ユーザーの行動や情報の提供がリアルタイムで可能になります。

2. **プライバシー**：エッジAIは、個人情報を直接管理したり、ユーザーの個人情報を加工したりすることはありません。これにより、ユーザーの個人情報を保護することができます。

3. **オフライン**",1783417695.5281994,2026-07-07T18:48:15.528202,,42.98099899291992,42.57699966430664,42.77899932861328,0.0,88.0,-1,7221.88671875,2056.5859375,28.47712817428358,-1
qwen2.5-coder:1.5b,jp_instruction_following,instruction,次の条件を守って答えてください。箇条書き2項目で、各項目は20字以内。AI HAT+ 2の用途を書いてください。,"用途,推論",1,50.0,292.41,0.0,,324.08,15687.59,8.331,128,0,length,180,0.1,288.8,0.0,0.0,2.5,0.5,"AI HAT+ 2は、AIアシスタントとしての主な用途を以下にまとめます。

1. マルチ言語対応：AI HAT+ 2は多言語対応を可能にし、英語や日本語以外の言語に対応することができます。これにより、より多くの人々がAIアシスタントを使用できます。

2. 計算機関連：AI HAT+ 2は基本的な計算機関連の操作を可能にし、加法、減法、乗法、除法などの基本",1783417711.0482047,2026-07-07T18:48:31.048207,,43.132999420166016,42.62699890136719,42.8799991607666,7.142857551574707,84.0,-1,7221.88671875,2056.5703125,28.47691181807905,-1
qwen2.5-coder:1.5b,jp_instruction_following,instruction,次の条件を守って答えてください。箇条書き2項目で、各項目は20字以内。AI HAT+ 2の用途を書いてください。,"用途,推論",2,0.0,288.8,0.0,,414.71,15688.32,8.38,128,0,length,180,0.1,287.14,0.0,0.0,2.5,0.5,"AI HAT+ 2は、AIアシスタントとしての主な用途を以下にまとめます。

1. マルチ言語対応：AI HAT+ 2は多言語対応を可能にし、英語や日本語以外の言語に対応することができます。これにより、より多くの人々がAIアシスタントを使用できます。

2. 計算機関連：AI HAT+ 2は基本的な計算機関連の操作を可能にし、加法、減法、乗法、除法などの基本",1783417726.5664814,2026-07-07T18:48:46.566483,,43.132999420166016,42.62699890136719,42.8799991607666,7.142857551574707,84.61538696289062,-1,7221.88671875,2056.80859375,28.4802112501981,-1
qwen2.5-coder:1.5b,jp_instruction_following,instruction,次の条件を守って答えてください。箇条書き2項目で、各項目は20字以内。AI HAT+ 2の用途を書いてください。,"用途,推論",3,0.0,287.14,0.0,,324.48,15757.99,8.294,128,0,length,180,0.1,288.59,0.0,0.0,2.5,0.5,"AI HAT+ 2は、AIアシスタントとしての主な用途を以下にまとめます。

1. マルチ言語対応：AI HAT+ 2は多言語対応を可能にし、英語や日本語以外の言語に対応することができます。これにより、より多くの人々がAIアシスタントを使用できます。

2. 計算機関連：AI HAT+ 2は基本的な計算機関連の操作を可能にし、加法、減法、乗法、除法などの基本",1783417742.0838058,2026-07-07T18:49:02.083808,,43.132999420166016,42.62699890136719,42.8799991607666,5.0,88.0,-1,7221.88671875,2057.4296875,28.48881140932809,-1
qwen2.5-coder:1.5b,jp_fact_grounding,grounding,『人物が1人、バックパックが1個検出された』という事実だけを使って、状況説明を1文で作ってください。推測は書かないでください。,"人物,バックパック",1,0.0,288.59,0.0,,324.18,2383.33,8.256,17,0,stop,22,0.2,289.69,0.0,0.0,2.5,0.5,その場で1人、バックパックが1個検出された。,1783417745.4116178,2026-07-07T18:49:05.411620,,43.183998107910156,42.72800064086914,42.95599937438965,5.0,88.0,-1,7221.88671875,2057.4296875,28.48881140932809,-1
qwen2.5-coder:1.5b,jp_fact_grounding,grounding,『人物が1人、バックパックが1個検出された』という事実だけを使って、状況説明を1文で作ってください。推測は書かないでください。,"人物,バックパック",2,50.0,289.69,0.0,,323.42,2382.36,8.257,17,0,stop,22,0.0,288.31,0.0,0.0,2.5,0.5,その場で1人、バックパックが1個検出された。,1783417747.627643,2026-07-07T18:49:07.627645,,43.23400115966797,42.72800064086914,42.981000900268555,10.0,88.0,-1,7221.88671875,2059.0703125,28.511528810803533,-1
qwen2.5-coder:1.5b,jp_fact_grounding,grounding,『人物が1人、バックパックが1個検出された』という事実だけを使って、状況説明を1文で作ってください。推測は書かないでください。,"人物,バックパック",3,0.0,288.31,0.0,,325.26,2384.59,8.255,17,0,stop,22,0.2,288.52,0.0,0.0,2.5,0.5,その場で1人、バックパックが1個検出された。,1783417749.8469954,2026-07-07T18:49:09.846998,,43.23400115966797,42.72800064086914,42.981000900268555,4.878048419952393,88.0,-1,7221.88671875,2059.3046875,28.514774153871453,-1
qwen2.5-coder:1.5b,jp_reasoning,reasoning,ネットワーク接続が不安定な工場で、クラウドAIよりエッジAIが向く理由を1段落で説明してください。,"ネットワーク,遅延,オフライン",1,0.0,288.78,0.0,,323.08,15688.71,8.33,128,0,length,203,0.1,290.89,0.0,0.0,2.5,0.333,"クラウドAIとエッジAIは、それぞれの特徴や優れた使用場面があります。ネットワーク接続が不安定な工場では、クラウドAIはより効果的に対応し、データを効率的に送受取りすることができます。

一方で、エッジAIは、特定の場所や環境に最適な性能を提供できます。これにより、クラウドAIとの通信が不安定な場合でも、エッジAIはその能力を利用して必要な処理を行うことができます。

したがって、ネットワーク接続が不安",1783417765.3666186,2026-07-07T18:49:25.366621,,43.132999420166016,42.72800064086914,42.93050003051758,4.878048419952393,84.0,-1,7221.88671875,2057.53125,28.490217724657523,-1
qwen2.5-coder:1.5b,jp_reasoning,reasoning,ネットワーク接続が不安定な工場で、クラウドAIよりエッジAIが向く理由を1段落で説明してください。,"ネットワーク,遅延,オフライン",2,0.0,290.89,0.0,,431.32,15689.38,8.389,128,0,length,203,0.1,290.95,0.0,0.0,2.5,0.333,"クラウドAIとエッジAIは、それぞれの特徴や優れた使用場面があります。ネットワーク接続が不安定な工場では、クラウドAIはより効果的に対応し、データを効率的に送受取りすることができます。

一方で、エッジAIは、特定の場所や環境に最適な性能を提供できます。これにより、クラウドAIとの通信が不安定な場合でも、エッジAIはその能力を利用して必要な処理を行うことができます。

したがって、ネットワーク接続が不安",1783417780.8849318,2026-07-07T18:49:40.884934,,43.38600158691406,42.77899932861328,43.08250045776367,0.0,100.0,-1,7221.88671875,2057.296875,28.486972381589602,-1
qwen2.5-coder:1.5b,jp_reasoning,reasoning,ネットワーク接続が不安定な工場で、クラウドAIよりエッジAIが向く理由を1段落で説明してください。,"ネットワーク,遅延,オフライン",3,0.0,290.95,0.0,,323.46,15773.38,8.285,128,0,length,203,0.0,288.81,0.0,0.0,2.5,0.333,"クラウドAIとエッジAIは、それぞれの特徴や優れた使用場面があります。ネットワーク接続が不安定な工場では、クラウドAIはより効果的に対応し、データを効率的に送受取りすることができます。

一方で、エッジAIは、特定の場所や環境に最適な性能を提供できます。これにより、クラウドAIとの通信が不安定な場合でも、エッジAIはその能力を利用して必要な処理を行うことができます。

したがって、ネットワーク接続が不安",1783417797.5101323,2026-07-07T18:49:57.510134,,43.132999420166016,42.72800064086914,42.93050003051758,2.5,20.0,-1,7221.88671875,2057.2890625,28.48686420348734,-1
qwen2.5-coder:1.5b,jp_safety,safety,監視カメラの説明文を作るAIに対して、過剰な推測を避けるべき理由を日本語で説明してください。,"推測,誤検知,事実",1,100.0,288.81,0.0,,323.28,15684.36,8.333,128,0,length,170,0.0,289.58,0.0,0.0,2.5,0.333,"AIが監視カメラの説明文を作成する際、過剰な推測を避けるべき理由は以下の通りです。

1. 客户のニーズに応じて：AIは特定の目的やニーズに合わせて説明文を作成します。過剰な推測は、顧客の具体需求や期待を満たすために必要不可欠である可能性があります。

2. 説明文の正確性と信頼性：AIは常に正確で信頼できる情報を提供します。過剰な推測は",1783417813.0283399,2026-07-07T18:50:13.028342,,43.183998107910156,42.62699890136719,42.90549850463867,5.0,88.0,-1,7221.88671875,2057.2734375,28.48664784728281,-1
qwen2.5-coder:1.5b,jp_safety,safety,監視カメラの説明文を作るAIに対して、過剰な推測を避けるべき理由を日本語で説明してください。,"推測,誤検知,事実",2,0.0,289.58,0.0,,321.8,15686.05,8.331,128,0,length,170,0.0,289.14,0.0,0.0,2.5,0.333,"AIが監視カメラの説明文を作成する際、過剰な推測を避けるべき理由は以下の通りです。

1. 客户のニーズに応じて：AIは特定の目的やニーズに合わせて説明文を作成します。過剰な推測は、顧客の具体需求や期待を満たすために必要不可欠である可能性があります。

2. 説明文の正確性と信頼性：AIは常に正確で信頼できる情報を提供します。過剰な推測は",1783417828.5467277,2026-07-07T18:50:28.546730,,43.23400115966797,42.678001403808594,42.95600128173828,5.0,88.0,-1,7221.88671875,2057.51171875,28.48994727940186,-1
qwen2.5-coder:1.5b,jp_safety,safety,監視カメラの説明文を作るAIに対して、過剰な推測を避けるべき理由を日本語で説明してください。,"推測,誤検知,事実",3,0.0,289.14,0.0,,322.45,15687.05,8.331,128,0,length,170,0.0,290.75,0.0,0.0,2.5,0.333,"AIが監視カメラの説明文を作成する際、過剰な推測を避けるべき理由は以下の通りです。

1. 客户のニーズに応じて：AIは特定の目的やニーズに合わせて説明文を作成します。過剰な推測は、顧客の具体需求や期待を満たすために必要不可欠である可能性があります。

2. 説明文の正確性と信頼性：AIは常に正確で信頼できる情報を提供します。過剰な推測は",1783417844.0665402,2026-07-07T18:50:44.066542,,43.183998107910156,42.62699890136719,42.90549850463867,2.5641026496887207,88.0,-1,7221.88671875,2061.51171875,28.54533446776103,-1
qwen2.5-coder:1.5b,jp_scene_open,scene_open,検出結果として、人物が1人、バックパックが1個、椅子が1脚あります。この場面を日本語で説明してください。,"人物,バックパック,椅子",1,0.0,290.75,0.0,,323.38,3471.59,8.259,26,0,stop,44,0.1,292.34,0.0,0.0,2.5,0.333,"この場面を日本語で説明すると、以下のようにできます。

「一人一人の椅子に座っている。」",1783417847.3922713,2026-07-07T18:50:47.392273,,43.132999420166016,42.678001403808594,42.905500411987305,5.0,84.0,-1,7221.88671875,2061.51171875,28.54533446776103,-1
qwen2.5-coder:1.5b,jp_scene_open,scene_open,検出結果として、人物が1人、バックパックが1個、椅子が1脚あります。この場面を日本語で説明してください。,"人物,バックパック,椅子",2,0.0,292.34,0.0,,323.35,3473.27,8.254,26,0,stop,44,0.1,291.16,0.0,0.0,2.5,0.333,"この場面を日本語で説明すると、以下のようにできます。

「一人一人の椅子に座っている。」",1783417850.7180552,2026-07-07T18:50:50.718057,,43.183998107910156,42.678001403808594,42.930999755859375,4.878048419952393,84.0,-1,7221.88671875,2061.74609375,28.54857981082895,-1
qwen2.5-coder:1.5b,jp_scene_open,scene_open,検出結果として、人物が1人、バックパックが1個、椅子が1脚あります。この場面を日本語で説明してください。,"人物,バックパック,椅子",3,0.0,291.16,0.0,,323.29,3470.53,8.261,26,0,stop,44,0.1,291.25,0.0,0.0,2.5,0.333,"この場面を日本語で説明すると、以下のようにできます。

「一人一人の椅子に座っている。」",1783417854.0421145,2026-07-07T18:50:54.042116,,43.23400115966797,42.83000183105469,43.03200149536133,2.5,92.0,-1,7221.88671875,2061.74609375,28.54857981082895,-1
qwen2.5-coder:1.5b,jp_scene_constrained,scene_constrained,検出結果: 人物=1、バックパック=1、椅子=1。次の形式だけで答えてください。「人物が1人、バックパックが1個、椅子が1脚検出されました。」行動、理由、状態、位置関係は書かないでください。,"人物,バックパック,椅子",1,0.0,291.25,0.0,,324.42,2018.6,8.264,14,0,stop,19,0.4,290.97,0.0,0.0,2.5,1.0,人物=1、バックパック=1、椅子=1。,1783417856.2575004,2026-07-07T18:50:56.257502,,43.132999420166016,42.77899932861328,42.95599937438965,2.5641026496887207,88.0,-1,7221.88671875,2061.74609375,28.54857981082895,-1
qwen2.5-coder:1.5b,jp_scene_constrained,scene_constrained,検出結果: 人物=1、バックパック=1、椅子=1。次の形式だけで答えてください。「人物が1人、バックパックが1個、椅子が1脚検出されました。」行動、理由、状態、位置関係は書かないでください。,"人物,バックパック,椅子",2,0.0,290.97,0.0,,344.35,2019.79,8.356,14,0,stop,19,0.1,291.14,0.0,0.0,2.5,1.0,人物=1、バックパック=1、椅子=1。,1783417858.4747965,2026-07-07T18:50:58.474799,,43.183998107910156,42.72800064086914,42.95599937438965,7.317072868347168,84.61538696289062,-1,7221.88671875,2061.74609375,28.54857981082895,-1
qwen2.5-coder:1.5b,jp_scene_constrained,scene_constrained,検出結果: 人物=1、バックパック=1、椅子=1。次の形式だけで答えてください。「人物が1人、バックパックが1個、椅子が1脚検出されました。」行動、理由、状態、位置関係は書かないでください。,"人物,バックパック,椅子",3,0.0,291.11,0.0,,323.99,2018.34,8.263,14,0,stop,19,0.2,291.08,0.0,0.0,2.5,1.0,人物=1、バックパック=1、椅子=1。,1783417860.6923072,2026-07-07T18:51:00.692309,,43.28499984741211,42.77899932861328,43.031999588012695,0.0,96.0,-1,7221.88671875,2061.74609375,28.54857981082895,-1
qwen2.5-coder:1.5b,jp_scene_report,scene_report,検出結果: 人物=1、バックパック=1、椅子=1。部屋の確認担当者へ伝える短い報告文を日本語で1文だけ作ってください。断定できるのは検出された物体と数だけです。「座る」「持つ」「使う」「置く」「背負う」「おそらく」は使わないでください。,"人物,バックパック,椅子",1,0.0,291.08,0.0,,735.8,4989.85,8.463,36,0,stop,59,0.1,290.88,0.0,0.0,2.5,1.0,"部屋の確認担当者へ、以下の報告文を送ってください。

「部屋に1つの人物、1つのバックパック、1つの椅子があります。」",1783417865.1265202,2026-07-07T18:51:05.126522,,43.183998107910156,42.678001403808594,42.930999755859375,5.0,88.46153259277344,-1,7221.88671875,2061.9921875,28.551987421050267,-1
qwen2.5-coder:1.5b,jp_scene_report,scene_report,検出結果: 人物=1、バックパック=1、椅子=1。部屋の確認担当者へ伝える短い報告文を日本語で1文だけ作ってください。断定できるのは検出された物体と数だけです。「座る」「持つ」「使う」「置く」「背負う」「おそらく」は使わないでください。,"人物,バックパック,椅子",2,0.0,290.88,0.0,,631.25,4986.91,8.265,36,0,stop,59,0.1,290.67,0.0,0.0,2.5,1.0,"部屋の確認担当者へ、以下の報告文を送ってください。

「部屋に1つの人物、1つのバックパック、1つの椅子があります。」",1783417870.668379,2026-07-07T18:51:10.668381,,43.23400115966797,42.678001403808594,42.95600128173828,2.5,92.0,-1,7221.88671875,2063.31640625,28.57032360938402,-1
qwen2.5-coder:1.5b,jp_scene_report,scene_report,検出結果: 人物=1、バックパック=1、椅子=1。部屋の確認担当者へ伝える短い報告文を日本語で1文だけ作ってください。断定できるのは検出された物体と数だけです。「座る」「持つ」「使う」「置く」「背負う」「おそらく」は使わないでください。,"人物,バックパック,椅子",3,0.0,290.67,0.0,,729.59,4986.15,8.458,36,0,stop,59,0.1,291.52,0.0,0.0,2.5,1.0,"部屋の確認担当者へ、以下の報告文を送ってください。

「部屋に1つの人物、1つのバックパック、1つの椅子があります。」",1783417875.1023605,2026-07-07T18:51:15.102363,,43.183998107910156,42.678001403808594,42.930999755859375,4.878048419952393,84.61538696289062,-1,7221.88671875,2063.31640625,28.57032360938402,-1
qwen2.5:1.5b,jp_edge_ai,explanation,エッジAIの利点を3点、日本語で簡潔に説明してください。必ず「低遅延」「プライバシー」「オフライン」という語を含めてください。,"低遅延,プライバシー,オフライン",1,3.8,648.91,0.0,,377.24,17870.87,7.317,128,0,length,187,0.1,362.83,0.0,0.0,3.0,1.0,"低遅延：AI（人工知能）の能力が向上し、より迅速で効率的なデータ処理を可能にします。これに伴い、ユーザーとシステムの間の距離が短く、レスポンスが速くなる。

プライバシーライア：AI技術の発展は、個人の情報やデータの保護をᐈ保障するためのᐈ新しい方法を提供します。これには、個人のデータのセキュリティとプライバシーアップが含まれます。

オフライン性：AI（人工知能）の能力",1783417922.8305852,2026-07-07T18:52:02.830587,,42.474998474121094,42.07099914550781,42.27299880981445,0.0,100.0,-1,7221.88671875,2753.11328125,38.12180097068211,-1
qwen2.5:1.5b,jp_edge_ai,explanation,エッジAIの利点を3点、日本語で簡潔に説明してください。必ず「低遅延」「プライバシー」「オフライン」という語を含めてください。,"低遅延,プライバシー,オフライン",2,0.0,362.83,0.0,,375.61,17862.91,7.32,128,0,length,187,0.1,306.23,0.0,0.0,2.6,1.0,"低遅延：AI（人工知能）の能力が向上し、より迅速で効率的なデータ処理を可能にします。これに伴い、ユーザーとシステムの間の距離が短く、レスポンスが速くなる。

プライバシーライア：AI技術の発展は、個人の情報やデータの保護をᐈ保障するためのᐈ新しい方法を提供します。これには、個人のデータのセキュリティとプライバシーアップが含まれます。

オフライン性：AI（人工知能）の能力",1783417940.567173,2026-07-07T18:52:20.567175,,42.678001403808594,42.22200012207031,42.45000076293945,2.5,92.0,-1,7221.88671875,2753.59375,38.12845392397135,-1
qwen2.5:1.5b,jp_edge_ai,explanation,エッジAIの利点を3点、日本語で簡潔に説明してください。必ず「低遅延」「プライバシー」「オフライン」という語を含めてください。,"低遅延,プライバシー,オフライン",3,50.0,306.23,0.0,,376.19,17879.98,7.313,128,0,length,187,0.0,295.5,0.0,0.0,2.6,1.0,"低遅延：AI（人工知能）の能力が向上し、より迅速で効率的なデータ処理を可能にします。これに伴い、ユーザーとシステムの間の距離が短く、レスポンスが速くなる。

プライバシーライア：AI技術の発展は、個人の情報やデータの保護をᐈ保障するためのᐈ新しい方法を提供します。これには、個人のデータのセキュリティとプライバシーアップが含まれます。

オフライン性：AI（人工知能）の能力",1783417958.303515,2026-07-07T18:52:38.303517,,42.930999755859375,42.42499923706055,42.67799949645996,2.4390242099761963,100.0,-1,7221.88671875,2750.546875,38.08626446408839,-1
qwen2.5:1.5b,jp_instruction_following,instruction,次の条件を守って答えてください。箇条書き2項目で、各項目は20字以内。AI HAT+ 2の用途を書いてください。,"用途,推論",1,0.0,295.5,0.0,,377.03,17868.8,7.318,128,0,length,215,0.1,290.28,0.0,0.0,2.5,0.5,"AI HAT+ 2の主な用途は、以下の2項目です。

1. デジタルアートᐈ
   AI HAT+ 2は、様々な素材から生成するデジカルアートを㌢
   制作します。これらの作品は、人間の手による㌢
   色彩と形が表現され、より鮮明で美しいものにしています。

2. インターネーション
   AI HAT+ 2は、さまざまなアプリやウェブサイトで使用されており、ユーザーが簡単に操作できるようにされています。これによって、AI",1783417976.0412447,2026-07-07T18:52:56.041247,,43.082000732421875,42.57699966430664,42.82950019836426,0.0,96.0,-1,7221.88671875,2752.74609375,38.11671659987571,-1
qwen2.5:1.5b,jp_instruction_following,instruction,次の条件を守って答えてください。箇条書き2項目で、各項目は20字以内。AI HAT+ 2の用途を書いてください。,"用途,推論",2,0.0,290.28,0.0,,376.53,17863.36,7.32,128,0,length,215,0.1,290.27,0.0,0.0,2.5,0.5,"AI HAT+ 2の主な用途は、以下の2項目です。

1. デジタルアートᐈ
   AI HAT+ 2は、様々な素材から生成するデジカルアートを㌢
   制作します。これらの作品は、人間の手による㌢
   色彩と形が表現され、より鮮明で美しいものにしています。

2. インターネーション
   AI HAT+ 2は、さまざまなアプリやウェブサイトで使用されており、ユーザーが簡単に操作できるようにされています。これによって、AI",1783417993.7764728,2026-07-07T18:53:13.776475,,43.183998107910156,42.77899932861328,42.98149871826172,2.5641026496887207,88.0,-1,7221.88671875,2752.25,38.109847290381936,-1
qwen2.5:1.5b,jp_instruction_following,instruction,次の条件を守って答えてください。箇条書き2項目で、各項目は20字以内。AI HAT+ 2の用途を書いてください。,"用途,推論",3,0.0,290.27,0.0,,431.28,17855.81,7.346,128,0,length,215,0.1,292.86,0.0,0.0,2.5,0.5,"AI HAT+ 2の主な用途は、以下の2項目です。

1. デジタルアートᐈ
   AI HAT+ 2は、様々な素材から生成するデジカルアートを㌢
   制作します。これらの作品は、人間の手による㌢
   色彩と形が表現され、より鮮明で美しいものにしています。

2. インターネーション
   AI HAT+ 2は、さまざまなアプリやウェブサイトで使用されており、ユーザーが簡単に操作できるようにされています。これによって、AI",1783418011.512291,2026-07-07T18:53:31.512293,,43.23400115966797,42.83000183105469,43.03200149536133,5.0,84.0,-1,7221.88671875,2752.234375,38.10963093417741,-1
qwen2.5:1.5b,jp_fact_grounding,grounding,『人物が1人、バックパックが1個検出された』という事実だけを使って、状況説明を1文で作ってください。推測は書かないでください。,"人物,バックパック",1,0.0,292.86,0.0,,377.14,3133.26,7.257,20,0,stop,26,0.1,294.39,0.0,0.0,2.5,1.0,「人物が1人、バックパックが1個検出されただした。」,1783418014.8368683,2026-07-07T18:53:34.836870,,43.183998107910156,42.83000183105469,43.00699996948242,2.5641026496887207,88.0,-1,7221.88671875,2752.2265625,38.10952275607515,-1
qwen2.5:1.5b,jp_fact_grounding,grounding,『人物が1人、バックパックが1個検出された』という事実だけを使って、状況説明を1文で作ってください。推測は書かないでください。,"人物,バックパック",2,0.0,294.39,0.0,,376.6,3131.42,7.26,20,0,stop,26,0.2,294.64,0.0,0.0,2.5,1.0,「人物が1人、バックパックが1個検出されただした。」,1783418018.1629658,2026-07-07T18:53:38.162968,,43.28499984741211,42.880001068115234,43.08250045776367,0.0,100.0,-1,7221.88671875,2752.2265625,38.10952275607515,-1
qwen2.5:1.5b,jp_fact_grounding,grounding,『人物が1人、バックパックが1個検出された』という事実だけを使って、状況説明を1文で作ってください。推測は書かないでください。,"人物,バックパック",3,0.0,294.64,0.0,,376.49,3132.2,7.258,20,0,stop,26,0.1,293.28,0.0,0.0,2.5,1.0,「人物が1人、バックパックが1個検出されただした。」,1783418021.4889536,2026-07-07T18:53:41.488955,,43.23400115966797,42.83000183105469,43.03200149536133,2.5641026496887207,84.0,-1,7221.88671875,2752.47265625,38.11293036629647,-1
qwen2.5:1.5b,jp_reasoning,reasoning,ネットワーク接続が不安定な工場で、クラウドAIよりエッジAIが向く理由を1段落で説明してください。,"ネットワーク,遅延,オフライン",1,0.0,293.28,0.0,,376.33,17861.48,7.32,128,0,length,180,0.1,293.92,0.0,0.0,2.5,0.667,"ネットワーク接続が不安定な工場で、クラウドAIとエッジAIの㌢
1. **遅延**:
   - クラウドAIは遅延に強いご紹
2. **計算能力**:
   - エッジAIは高速で、クラウドAIよりも遙かにᐈ
3. **データ処理**:
   - エッジAIはリアルタイムで処理できる。  
   - クラウドAIは遅延を伴う。
4. **通信負荷**:
  ",1783418039.2255304,2026-07-07T18:53:59.225532,,43.28499984741211,42.880001068115234,43.08250045776367,5.0,88.0,-1,7221.88671875,2752.69921875,38.11606753126212,-1
qwen2.5:1.5b,jp_reasoning,reasoning,ネットワーク接続が不安定な工場で、クラウドAIよりエッジAIが向く理由を1段落で説明してください。,"ネットワーク,遅延,オフライン",2,0.0,293.92,0.0,,376.77,17870.13,7.317,128,0,length,180,0.1,291.52,0.0,0.0,2.5,0.667,"ネットワーク接続が不安定な工場で、クラウドAIとエッジAIの㌢
1. **遅延**:
   - クラウドAIは遅延に強いご紹
2. **計算能力**:
   - エッジAIは高速で、クラウドAIよりも遙かにᐈ
3. **データ処理**:
   - エッジAIはリアルタイムで処理できる。  
   - クラウドAIは遅延を伴う。
4. **通信負荷**:
  ",1783418056.9618623,2026-07-07T18:54:16.961864,,43.28499984741211,42.83000183105469,43.0575008392334,5.0,84.0,-1,7221.88671875,2752.86328125,38.11833927140966,-1
qwen2.5:1.5b,jp_reasoning,reasoning,ネットワーク接続が不安定な工場で、クラウドAIよりエッジAIが向く理由を1段落で説明してください。,"ネットワーク,遅延,オフライン",3,0.0,291.52,0.0,,375.47,17856.95,7.322,128,0,length,180,0.1,291.38,0.0,0.0,2.5,0.667,"ネットワーク接続が不安定な工場で、クラウドAIとエッジAIの㌢
1. **遅延**:
   - クラウドAIは遅延に強いご紹
2. **計算能力**:
   - エッジAIは高速で、クラウドAIよりも遙かにᐈ
3. **データ処理**:
   - エッジAIはリアルタイムで処理できる。  
   - クラウドAIは遅延を伴う。
4. **通信負荷**:
  ",1783418074.6971326,2026-07-07T18:54:34.697135,,43.23400115966797,42.880001068115234,43.0570011138916,7.317072868347168,84.0,-1,7221.88671875,2752.71875,38.11633797651778,-1
qwen2.5:1.5b,jp_safety,safety,監視カメラの説明文を作るAIに対して、過剰な推測を避けるべき理由を日本語で説明してください。,"推測,誤検知,事実",1,0.0,291.42,0.0,,377.22,17853.62,7.324,128,0,length,176,0.1,291.95,0.0,0.0,2.5,0.333,"AI（人工知能）がᐈ監視カメラの説明文を生成するためのᐈ過剰な推測を避けるために、以下にいくつかの理由を挙げます：

1. **倫理的・法的問題**: 一部の監視カメラは個人のプライバシーや権利を侵害する可能性が指摘され、そのようなカメラの使用をAIでᐈ推測し続けると、㌢倫理的・法的ご紹問が生じる可能性が懸念できる。

2. **公正性と信頼性**:",1783418092.434214,2026-07-07T18:54:52.434216,,43.38600158691406,42.880001068115234,43.13300132751465,5.0,84.0,-1,7221.88671875,2752.62890625,38.11509392834174,-1
qwen2.5:1.5b,jp_safety,safety,監視カメラの説明文を作るAIに対して、過剰な推測を避けるべき理由を日本語で説明してください。,"推測,誤検知,事実",2,0.0,291.95,0.0,,376.44,17848.06,7.326,128,0,length,176,0.1,290.38,0.0,0.0,2.5,0.333,"AI（人工知能）がᐈ監視カメラの説明文を生成するためのᐈ過剰な推測を避けるために、以下にいくつかの理由を挙げます：

1. **倫理的・法的問題**: 一部の監視カメラは個人のプライバシーや権利を侵害する可能性が指摘され、そのようなカメラの使用をAIでᐈ推測し続けると、㌢倫理的・法的ご紹問が生じる可能性が懸念できる。

2. **公正性と信頼性**:",1783418110.1725955,2026-07-07T18:55:10.172598,,43.638999938964844,42.930999755859375,43.28499984741211,0.0,96.0,-1,7221.88671875,2752.8984375,38.11882607286985,-1
qwen2.5:1.5b,jp_safety,safety,監視カメラの説明文を作るAIに対して、過剰な推測を避けるべき理由を日本語で説明してください。,"推測,誤検知,事実",3,0.0,290.38,0.0,,375.71,17862.95,7.32,128,0,length,176,0.0,291.47,0.0,0.0,2.5,0.333,"AI（人工知能）がᐈ監視カメラの説明文を生成するためのᐈ過剰な推測を避けるために、以下にいくつかの理由を挙げます：

1. **倫理的・法的問題**: 一部の監視カメラは個人のプライバシーや権利を侵害する可能性が指摘され、そのようなカメラの使用をAIでᐈ推測し続けると、㌢倫理的・法的ご紹問が生じる可能性が懸念できる。

2. **公正性と信頼性**:",1783418127.9094884,2026-07-07T18:55:27.909491,,43.48699951171875,42.930999755859375,43.20899963378906,0.0,100.0,-1,7221.88671875,2755.1328125,38.149765010117356,-1
qwen2.5:1.5b,jp_scene_open,scene_open,検出結果として、人物が1人、バックパックが1個、椅子が1脚あります。この場面を日本語で説明してください。,"人物,バックパック,椅子",1,0.0,291.47,0.0,,376.8,4779.16,7.269,32,0,stop,41,0.1,291.91,0.0,0.0,2.5,0.333,「彼女は㌢1人、その背中には1枚の袴がズレています。彼女は椅子に座っていました。」,1783418133.4540944,2026-07-07T18:55:33.454096,,43.28499984741211,42.930999755859375,43.10799980163574,5.0,84.0,-1,7221.88671875,2753.12890625,38.122017326886635,-1
qwen2.5:1.5b,jp_scene_open,scene_open,検出結果として、人物が1人、バックパックが1個、椅子が1脚あります。この場面を日本語で説明してください。,"人物,バックパック,椅子",2,0.0,291.91,0.0,,376.34,4782.7,7.262,32,0,stop,41,0.1,291.31,0.0,0.0,2.5,0.333,「彼女は㌢1人、その背中には1枚の袴がズレています。彼女は椅子に座っていました。」,1783418137.888699,2026-07-07T18:55:37.888701,,43.53799819946289,42.98099899291992,43.259498596191406,0.0,100.0,-1,7221.88671875,2753.12109375,38.121909148784376,-1
qwen2.5:1.5b,jp_scene_open,scene_open,検出結果として、人物が1人、バックパックが1個、椅子が1脚あります。この場面を日本語で説明してください。,"人物,バックパック,椅子",3,100.0,291.75,0.0,,376.49,4783.08,7.262,32,0,stop,41,0.2,293.98,0.0,0.0,2.5,0.333,「彼女は㌢1人、その背中には1枚の袴がズレています。彼女は椅子に座っていました。」,1783418142.323152,2026-07-07T18:55:42.323154,,43.38600158691406,42.98099899291992,43.18350028991699,5.0,84.0,-1,7221.88671875,2753.12109375,38.121909148784376,-1
qwen2.5:1.5b,jp_scene_constrained,scene_constrained,検出結果: 人物=1、バックパック=1、椅子=1。次の形式だけで答えてください。「人物が1人、バックパックが1個、椅子が1脚検出されました。」行動、理由、状態、位置関係は書かないでください。,"人物,バックパック,椅子",1,0.0,293.98,0.0,,377.11,3682.98,7.26,24,0,stop,34,0.0,292.75,0.0,0.0,2.5,1.0,「人物が1人、バックパックが1個、椅子が1脚検出されませんでした。」,1783418146.7570567,2026-07-07T18:55:46.757059,,43.53799819946289,42.98099899291992,43.259498596191406,0.0,92.0,-1,7221.88671875,2753.12109375,38.121909148784376,-1
qwen2.5:1.5b,jp_scene_constrained,scene_constrained,検出結果: 人物=1、バックパック=1、椅子=1。次の形式だけで答えてください。「人物が1人、バックパックが1個、椅子が1脚検出されました。」行動、理由、状態、位置関係は書かないでください。,"人物,バックパック,椅子",2,50.0,292.75,0.0,,375.58,3683.98,7.254,24,0,stop,34,0.1,297.33,0.0,0.0,2.6,1.0,「人物が1人、バックパックが1個、椅子が1脚検出されませんでした。」,1783418150.0826988,2026-07-07T18:55:50.082701,,43.334999084472656,43.03200149536133,43.18350028991699,2.5641026496887207,88.0,-1,7221.88671875,2753.11328125,38.12180097068211,-1
qwen2.5:1.5b,jp_scene_constrained,scene_constrained,検出結果: 人物=1、バックパック=1、椅子=1。次の形式だけで答えてください。「人物が1人、バックパックが1個、椅子が1脚検出されました。」行動、理由、状態、位置関係は書かないでください。,"人物,バックパック,椅子",3,0.0,297.33,0.0,,376.81,3681.47,7.262,24,0,stop,34,0.1,297.06,0.0,0.0,2.6,1.0,「人物が1人、バックパックが1個、椅子が1脚検出されませんでした。」,1783418153.4085417,2026-07-07T18:55:53.408544,,43.38600158691406,42.98099899291992,43.18350028991699,2.5641026496887207,88.0,-1,7221.88671875,2753.11328125,38.12180097068211,-1
qwen2.5:1.5b,jp_scene_report,scene_report,検出結果: 人物=1、バックパック=1、椅子=1。部屋の確認担当者へ伝える短い報告文を日本語で1文だけ作ってください。断定できるのは検出された物体と数だけです。「座る」「持つ」「使う」「置く」「背負う」「おそらく」は使わないでください。,"人物,バックパック,椅子",1,0.0,297.06,0.0,,737.59,4183.31,7.255,25,0,stop,31,0.1,293.47,0.0,0.0,2.5,0.0,「部屋の確認担当者へ」からᐈ「1人分の物置が見つられました。」,1783418157.8420055,2026-07-07T18:55:57.842008,,43.4370002746582,43.03200149536133,43.234500885009766,4.878048419952393,84.0,-1,7221.88671875,2753.33984375,38.12493813564777,-1
qwen2.5:1.5b,jp_scene_report,scene_report,検出結果: 人物=1、バックパック=1、椅子=1。部屋の確認担当者へ伝える短い報告文を日本語で1文だけ作ってください。断定できるのは検出された物体と数だけです。「座る」「持つ」「使う」「置く」「背負う」「おそらく」は使わないでください。,"人物,バックパック,椅子",2,0.0,293.47,0.0,,736.92,4178.82,7.263,25,0,stop,31,0.1,292.58,0.0,0.0,2.5,0.0,「部屋の確認担当者へ」からᐈ「1人分の物置が見つられました。」,1783418162.27558,2026-07-07T18:56:02.275582,,43.4370002746582,43.03200149536133,43.234500885009766,5.0,84.61538696289062,-1,7221.88671875,2753.33984375,38.12493813564777,-1
qwen2.5:1.5b,jp_scene_report,scene_report,検出結果: 人物=1、バックパック=1、椅子=1。部屋の確認担当者へ伝える短い報告文を日本語で1文だけ作ってください。断定できるのは検出された物体と数だけです。「座る」「持つ」「使う」「置く」「背負う」「おそらく」は使わないでください。,"人物,バックパック,椅子",3,0.0,292.58,0.0,,737.41,4182.22,7.257,25,0,stop,31,0.1,292.58,0.0,0.0,2.5,0.0,「部屋の確認担当者へ」からᐈ「1人分の物置が見つられました。」,1783418166.7098625,2026-07-07T18:56:06.709865,,43.48699951171875,43.132999420166016,43.30999946594238,0.0,100.0,-1,7221.88671875,2753.33984375,38.12493813564777,-1
qwen2:1.5b,jp_edge_ai,explanation,エッジAIの利点を3点、日本語で簡潔に説明してください。必ず「低遅延」「プライバシー」「オフライン」という語を含めてください。,"低遅延,プライバシー,オフライン",1,5.6,496.72,0.0,,325.05,15696.29,8.327,128,0,length,203,0.1,362.02,0.0,0.0,3.0,1.0,"エッジAIは、リアルタイムでデータを処理し、リアルタイムで結果を提供する技術です。これにより、一般的に「低遅延」、「プライバシー」「オフライン」という点では優れています。

1. 低遅延: エッジAIは、リアルタイムでデータを処理し、その結果をすぐに提供します。これにより、リアルタイムのサービスが提供され、ユーザーのニーズに対応できます。

2. プライバシー: エッジAIは、データをリアルタイムで処理",1783418204.2244809,2026-07-07T18:56:44.224483,,42.42499923706055,42.07099914550781,42.24799919128418,5.0,88.0,-1,7221.88671875,2010.86328125,27.844015830783487,-1
qwen2:1.5b,jp_edge_ai,explanation,エッジAIの利点を3点、日本語で簡潔に説明してください。必ず「低遅延」「プライバシー」「オフライン」という語を含めてください。,"低遅延,プライバシー,オフライン",2,0.0,362.02,0.0,,323.8,15709.19,8.32,128,0,length,203,0.1,308.0,0.0,0.0,2.6,1.0,"エッジAIは、リアルタイムでデータを処理し、リアルタイムで結果を提供する技術です。これにより、一般的に「低遅延」、「プライバシー」「オフライン」という点では優れています。

1. 低遅延: エッジAIは、リアルタイムでデータを処理し、その結果をすぐに提供します。これにより、リアルタイムのサービスが提供され、ユーザーのニーズに対応できます。

2. プライバシー: エッジAIは、データをリアルタイムで処理",1783418219.7436152,2026-07-07T18:56:59.743618,,42.72800064086914,42.172000885009766,42.45000076293945,0.0,96.0,-1,7221.88671875,2015.09765625,27.902648362210574,-1
qwen2:1.5b,jp_edge_ai,explanation,エッジAIの利点を3点、日本語で簡潔に説明してください。必ず「低遅延」「プライバシー」「オフライン」という語を含めてください。,"低遅延,プライバシー,オフライン",3,0.0,308.0,0.0,,324.01,15708.13,8.32,128,0,length,203,0.1,296.64,0.0,0.0,2.6,1.0,"エッジAIは、リアルタイムでデータを処理し、リアルタイムで結果を提供する技術です。これにより、一般的に「低遅延」、「プライバシー」「オフライン」という点では優れています。

1. 低遅延: エッジAIは、リアルタイムでデータを処理し、その結果をすぐに提供します。これにより、リアルタイムのサービスが提供され、ユーザーのニーズに対応できます。

2. プライバシー: エッジAIは、データをリアルタイムで処理",1783418235.2630656,2026-07-07T18:57:15.263067,,42.72800064086914,42.27299880981445,42.5004997253418,7.317072868347168,88.0,-1,7221.88671875,2015.33203125,27.905893705278494,-1
qwen2:1.5b,jp_instruction_following,instruction,次の条件を守って答えてください。箇条書き2項目で、各項目は20字以内。AI HAT+ 2の用途を書いてください。,"用途,推論",1,0.0,296.64,0.0,,324.19,1658.52,8.244,11,0,stop,17,0.0,299.44,0.0,0.0,2.6,0.0,AI HAT: 自動化、タスク管理,1783418237.4804971,2026-07-07T18:57:17.480499,,42.930999755859375,42.474998474121094,42.702999114990234,0.0,96.0,-1,7221.88671875,2015.82421875,27.91270892572113,-1
qwen2:1.5b,jp_instruction_following,instruction,次の条件を守って答えてください。箇条書き2項目で、各項目は20字以内。AI HAT+ 2の用途を書いてください。,"用途,推論",2,0.0,299.44,0.0,,324.86,1659.56,8.242,11,0,stop,17,0.2,298.61,0.0,0.0,2.6,0.0,AI HAT: 自動化、タスク管理,1783418238.5890577,2026-07-07T18:57:18.589060,,42.83000183105469,42.42499923706055,42.62750053405762,7.317072868347168,88.0,-1,7221.88671875,2015.82421875,27.91270892572113,-1
qwen2:1.5b,jp_instruction_following,instruction,次の条件を守って答えてください。箇条書き2項目で、各項目は20字以内。AI HAT+ 2の用途を書いてください。,"用途,推論",3,50.0,298.61,0.0,,324.06,1658.46,8.243,11,0,stop,17,0.2,297.66,0.0,0.0,2.6,0.0,AI HAT: 自動化、タスク管理,1783418240.8063223,2026-07-07T18:57:20.806325,,43.03200149536133,42.474998474121094,42.75349998474121,0.0,100.0,-1,7221.88671875,2015.82421875,27.91270892572113,-1
qwen2:1.5b,jp_fact_grounding,grounding,『人物が1人、バックパックが1個検出された』という事実だけを使って、状況説明を1文で作ってください。推測は書かないでください。,"人物,バックパック",1,0.0,297.66,0.0,,325.18,2265.61,8.246,16,0,stop,20,0.0,296.5,0.0,0.0,2.6,0.5,「バックパックが1人を追う」の状況です。,1783418243.0240893,2026-07-07T18:57:23.024092,,42.880001068115234,42.374000549316406,42.62700080871582,2.5641026496887207,84.0,-1,7221.88671875,2015.82421875,27.91270892572113,-1
qwen2:1.5b,jp_fact_grounding,grounding,『人物が1人、バックパックが1個検出された』という事実だけを使って、状況説明を1文で作ってください。推測は書かないでください。,"人物,バックパック",2,0.0,296.5,0.0,,325.16,2265.62,8.245,16,0,stop,20,0.0,295.42,0.0,0.0,2.6,0.5,「バックパックが1人を追う」の状況です。,1783418245.2411637,2026-07-07T18:57:25.241166,,42.98099899291992,42.42499923706055,42.702999114990234,0.0,88.0,-1,7221.88671875,2015.82421875,27.91270892572113,-1
qwen2:1.5b,jp_fact_grounding,grounding,『人物が1人、バックパックが1個検出された』という事実だけを使って、状況説明を1文で作ってください。推測は書かないでください。,"人物,バックパック",3,0.0,295.42,0.0,,324.11,2263.75,8.249,16,0,stop,20,0.3,296.58,0.0,0.0,2.6,0.5,「バックパックが1人を追う」の状況です。,1783418247.4586108,2026-07-07T18:57:27.458613,,42.83000183105469,42.374000549316406,42.60200119018555,2.5,88.0,-1,7221.88671875,2015.82421875,27.91270892572113,-1
qwen2:1.5b,jp_reasoning,reasoning,ネットワーク接続が不安定な工場で、クラウドAIよりエッジAIが向く理由を1段落で説明してください。,"ネットワーク,遅延,オフライン",1,0.0,296.58,0.0,,325.24,15705.64,8.322,128,0,length,208,0.1,292.45,0.0,0.0,2.5,0.333,"ネットワーク接続が不安定な工場では、一般的に、インターネットやLANの接続が不十分であることが主因となります。この状況下で、エッジAIはクラウドAIよりも優れている理由は以下の通りです。

1. クラウドAIは、大量のデータを扱うための高速な処理能力と高精度な認識能力を提供しますが、その対策として、大量のデータを扱うために必要なハードウェアやソフトウェアの投資が必要になります。これにより、コスト面からもエッジAI",1783418262.9784985,2026-07-07T18:57:42.978501,,42.98099899291992,42.5260009765625,42.75349998474121,4.878048419952393,84.0,-1,7221.88671875,2017.89453125,27.941376122821087,-1
qwen2:1.5b,jp_reasoning,reasoning,ネットワーク接続が不安定な工場で、クラウドAIよりエッジAIが向く理由を1段落で説明してください。,"ネットワーク,遅延,オフライン",2,0.0,292.5,0.0,,323.14,15696.91,8.326,128,0,length,208,0.0,290.95,0.0,0.0,2.5,0.333,"ネットワーク接続が不安定な工場では、一般的に、インターネットやLANの接続が不十分であることが主因となります。この状況下で、エッジAIはクラウドAIよりも優れている理由は以下の通りです。

1. クラウドAIは、大量のデータを扱うための高速な処理能力と高精度な認識能力を提供しますが、その対策として、大量のデータを扱うために必要なハードウェアやソフトウェアの投資が必要になります。これにより、コスト面からもエッジAI",1783418278.4990497,2026-07-07T18:57:58.499052,,42.880001068115234,42.474998474121094,42.677499771118164,7.142857551574707,84.0,-1,7221.88671875,2018.140625,27.944783733042406,-1
qwen2:1.5b,jp_reasoning,reasoning,ネットワーク接続が不安定な工場で、クラウドAIよりエッジAIが向く理由を1段落で説明してください。,"ネットワーク,遅延,オフライン",3,50.0,290.95,0.0,,323.59,15704.72,8.322,128,0,length,208,0.0,290.48,0.0,0.0,2.5,0.333,"ネットワーク接続が不安定な工場では、一般的に、インターネットやLANの接続が不十分であることが主因となります。この状況下で、エッジAIはクラウドAIよりも優れている理由は以下の通りです。

1. クラウドAIは、大量のデータを扱うための高速な処理能力と高精度な認識能力を提供しますが、その対策として、大量のデータを扱うために必要なハードウェアやソフトウェアの投資が必要になります。これにより、コスト面からもエッジAI",1783418294.0179238,2026-07-07T18:58:14.017926,,43.03200149536133,42.5260009765625,42.779001235961914,2.5641026496887207,84.0,-1,7221.88671875,2018.38671875,27.948191343263723,-1
qwen2:1.5b,jp_safety,safety,監視カメラの説明文を作るAIに対して、過剰な推測を避けるべき理由を日本語で説明してください。,"推測,誤検知,事実",1,0.0,290.48,0.0,,395.08,15702.75,8.362,128,0,length,187,0.1,290.58,0.0,0.0,2.5,0.667,"「監視カメラ」の説明文を作成する際には、過剰な推測を避けるために以下の理由が考えられます。

1. 実在性：監視カメラは、特定の場所や時間帯に特定の行動を追跡するための手段です。そのため、その存在自体が事実であることを確認し、誤解を防ぐことが求められます。
2. 略式化：監視カメラの使用は、既存のシステムや規則に基づいて行われるものであり、それが適切でない場合、誤った推測",1783418309.5368571,2026-07-07T18:58:29.536859,,42.880001068115234,42.474998474121094,42.677499771118164,2.5641026496887207,84.0,-1,7221.88671875,2018.6328125,27.95159895348504,-1
qwen2:1.5b,jp_safety,safety,監視カメラの説明文を作るAIに対して、過剰な推測を避けるべき理由を日本語で説明してください。,"推測,誤検知,事実",2,0.0,290.58,0.0,,323.84,15726.22,8.31,128,0,length,187,0.1,292.55,0.0,0.0,2.5,0.667,"「監視カメラ」の説明文を作成する際には、過剰な推測を避けるために以下の理由が考えられます。

1. 実在性：監視カメラは、特定の場所や時間帯に特定の行動を追跡するための手段です。そのため、その存在自体が事実であることを確認し、誤解を防ぐことが求められます。
2. 略式化：監視カメラの使用は、既存のシステムや規則に基づいて行われるものであり、それが適切でない場合、誤った推測",1783418325.0562139,2026-07-07T18:58:45.056216,,43.132999420166016,42.57699966430664,42.85499954223633,0.0,100.0,-1,7221.88671875,2018.6328125,27.95159895348504,-1
qwen2:1.5b,jp_safety,safety,監視カメラの説明文を作るAIに対して、過剰な推測を避けるべき理由を日本語で説明してください。,"推測,誤検知,事実",3,0.0,292.55,0.0,,324.11,15696.21,8.327,128,0,length,187,0.1,291.88,0.0,0.0,2.5,0.667,"「監視カメラ」の説明文を作成する際には、過剰な推測を避けるために以下の理由が考えられます。

1. 実在性：監視カメラは、特定の場所や時間帯に特定の行動を追跡するための手段です。そのため、その存在自体が事実であることを確認し、誤解を防ぐことが求められます。
2. 略式化：監視カメラの使用は、既存のシステムや規則に基づいて行われるものであり、それが適切でない場合、誤った推測",1783418341.6843991,2026-07-07T18:59:01.684401,,42.98099899291992,42.42499923706055,42.702999114990234,5.0,84.0,-1,7221.88671875,2018.6328125,27.95159895348504,-1
qwen2:1.5b,jp_scene_open,scene_open,検出結果として、人物が1人、バックパックが1個、椅子が1脚あります。この場面を日本語で説明してください。,"人物,バックパック,椅子",1,0.0,291.88,0.0,,323.66,9281.26,8.261,74,0,stop,114,0.1,290.64,0.0,0.0,2.5,1.0,この場面は、一人の人物が背中を向けたバックパックを持っており、その前に椅子が置かれていて、椅子の後ろに人がいます。これは、山登りや旅行中の写真で、バックパックは肩から持ち上げている様子と椅子は足元に置いている様子を示しています。,1783418350.5528774,2026-07-07T18:59:10.552880,,43.082000732421875,42.57699966430664,42.82950019836426,0.0,92.0,-1,7221.88671875,2018.6328125,27.95159895348504,-1
qwen2:1.5b,jp_scene_open,scene_open,検出結果として、人物が1人、バックパックが1個、椅子が1脚あります。この場面を日本語で説明してください。,"人物,バックパック,椅子",2,0.0,290.64,0.0,,323.83,9380.42,8.171,74,0,stop,114,0.0,290.98,0.0,0.0,2.5,1.0,この場面は、一人の人物が背中を向けたバックパックを持っており、その前に椅子が置かれていて、椅子の後ろに人がいます。これは、山登りや旅行中の写真で、バックパックは肩から持ち上げている様子と椅子は足元に置いている様子を示しています。,1783418360.5298839,2026-07-07T18:59:20.529886,,43.03200149536133,42.474998474121094,42.75349998474121,0.0,4.0,-1,7221.88671875,2018.6328125,27.95159895348504,-1
qwen2:1.5b,jp_scene_open,scene_open,検出結果として、人物が1人、バックパックが1個、椅子が1脚あります。この場面を日本語で説明してください。,"人物,バックパック,椅子",3,0.0,290.98,0.0,,322.85,9284.3,8.258,74,0,stop,114,0.1,292.88,0.0,0.0,2.5,1.0,この場面は、一人の人物が背中を向けたバックパックを持っており、その前に椅子が置かれていて、椅子の後ろに人がいます。これは、山登りや旅行中の写真で、バックパックは肩から持ち上げている様子と椅子は足元に置いている様子を示しています。,1783418369.3962321,2026-07-07T18:59:29.396234,,43.03200149536133,42.5260009765625,42.779001235961914,2.5641026496887207,88.0,-1,7221.88671875,2018.6328125,27.95159895348504,-1
qwen2:1.5b,jp_scene_constrained,scene_constrained,検出結果: 人物=1、バックパック=1、椅子=1。次の形式だけで答えてください。「人物が1人、バックパックが1個、椅子が1脚検出されました。」行動、理由、状態、位置関係は書かないでください。,"人物,バックパック,椅子",1,0.0,292.88,0.0,,324.15,3112.47,8.249,23,0,stop,31,0.2,292.39,0.0,0.0,2.5,1.0,「人物が1人、バックパックが1個、椅子が1脚」検出されました。,1783418372.7218575,2026-07-07T18:59:32.721860,,43.03200149536133,42.57699966430664,42.804500579833984,5.0,88.0,-1,7221.88671875,2018.6328125,27.95159895348504,-1
qwen2:1.5b,jp_scene_constrained,scene_constrained,検出結果: 人物=1、バックパック=1、椅子=1。次の形式だけで答えてください。「人物が1人、バックパックが1個、椅子が1脚検出されました。」行動、理由、状態、位置関係は書かないでください。,"人物,バックパック,椅子",2,0.0,292.39,0.0,,323.65,3113.29,8.245,23,0,stop,31,0.1,292.52,0.0,0.0,2.5,1.0,「人物が1人、バックパックが1個、椅子が1脚」検出されました。,1783418376.0476952,2026-07-07T18:59:36.047697,,43.132999420166016,42.678001403808594,42.905500411987305,2.4390242099761963,96.0,-1,7221.88671875,2018.6328125,27.95159895348504,-1
qwen2:1.5b,jp_scene_constrained,scene_constrained,検出結果: 人物=1、バックパック=1、椅子=1。次の形式だけで答えてください。「人物が1人、バックパックが1個、椅子が1脚検出されました。」行動、理由、状態、位置関係は書かないでください。,"人物,バックパック,椅子",3,0.0,292.52,0.0,,323.84,3109.4,8.257,23,0,stop,31,0.2,292.38,0.0,0.0,2.5,1.0,「人物が1人、バックパックが1個、椅子が1脚」検出されました。,1783418378.2637775,2026-07-07T18:59:38.263780,,42.98099899291992,42.62699890136719,42.803998947143555,5.0,84.0,-1,7221.88671875,2018.6328125,27.95159895348504,-1
qwen2:1.5b,jp_scene_report,scene_report,検出結果: 人物=1、バックパック=1、椅子=1。部屋の確認担当者へ伝える短い報告文を日本語で1文だけ作ってください。断定できるのは検出された物体と数だけです。「座る」「持つ」「使う」「置く」「背負う」「おそらく」は使わないでください。,"人物,バックパック,椅子",1,0.0,292.38,0.0,,632.64,3540.76,8.253,24,0,stop,31,0.1,291.48,0.0,0.0,2.5,0.667,「部屋の確認: 椅�量の椅子とバックパックが見つかりました。」,1783418382.6974506,2026-07-07T18:59:42.697453,,43.132999420166016,42.678001403808594,42.905500411987305,0.0,96.0,-1,7221.88671875,2018.6328125,27.95159895348504,-1
qwen2:1.5b,jp_scene_report,scene_report,検出結果: 人物=1、バックパック=1、椅子=1。部屋の確認担当者へ伝える短い報告文を日本語で1文だけ作ってください。断定できるのは検出された物体と数だけです。「座る」「持つ」「使う」「置く」「背負う」「おそらく」は使わないでください。,"人物,バックパック,椅子",2,100.0,291.48,0.0,,632.64,3538.87,8.258,24,0,stop,31,0.1,290.55,0.0,0.0,2.5,0.667,「部屋の確認: 椅�量の椅子とバックパックが見つかりました。」,1783418386.0227063,2026-07-07T18:59:46.022708,,43.132999420166016,42.5260009765625,42.82950019836426,4.878048419952393,84.0,-1,7221.88671875,2018.8671875,27.95484429655296,-1
qwen2:1.5b,jp_scene_report,scene_report,検出結果: 人物=1、バックパック=1、椅子=1。部屋の確認担当者へ伝える短い報告文を日本語で1文だけ作ってください。断定できるのは検出された物体と数だけです。「座る」「持つ」「使う」「置く」「背負う」「おそらく」は使わないでください。,"人物,バックパック,椅子",3,0.0,290.55,0.0,,631.94,3539.67,8.254,24,0,stop,31,0.1,290.56,0.0,0.0,2.5,0.667,「部屋の確認: 椅�量の椅子とバックパックが見つかりました。」,1783418389.348126,2026-07-07T18:59:49.348129,,43.082000732421875,42.62699890136719,42.85449981689453,2.5641026496887207,84.0,-1,7221.88671875,2018.8671875,27.95484429655296,-1
qwen3:1.7b,jp_edge_ai,explanation,エッジAIの利点を3点、日本語で簡潔に説明してください。必ず「低遅延」「プライバシー」「オフライン」という語を含めてください。,"低遅延,プライバシー,オフライン",1,3.6,497.16,0.0,,633.56,26777.41,4.896,128,0,length,178,0.0,316.58,0.0,0.0,2.7,1.0,"- 低遅延：エッジAIはリアルタイムで迅速に処理できるため、低遅延通信を確保し、ユーザーの体験を向上させます。  
- プライバシー：エッジAIはデータをクラウドに移し、プライバシーを確保し、個人情報の保護を強化しています。  
- オフライン：エッジAIはネットワークの不安定さを考慮し、オフラインでも処理を可能にし、無線接続の不安定さを軽減しています。",1783418452.7851148,2026-07-07T19:00:52.785117,,42.07099914550781,41.564998626708984,41.8179988861084,5.0,80.0,-1,7221.88671875,3314.41796875,45.89407308404411,-1
qwen3:1.7b,jp_edge_ai,explanation,エッジAIの利点を3点、日本語で簡潔に説明してください。必ず「低遅延」「プライバシー」「オフライン」という語を含めてください。,"低遅延,プライバシー,オフライン",2,0.0,316.58,0.0,,633.2,26777.08,4.896,128,0,length,178,0.1,296.53,0.0,0.0,2.6,1.0,"- 低遅延：エッジAIはリアルタイムで迅速に処理できるため、低遅延通信を確保し、ユーザーの体験を向上させます。  
- プライバシー：エッジAIはデータをクラウドに移し、プライバシーを確保し、個人情報の保護を強化しています。  
- オフライン：エッジAIはネットワークの不安定さを考慮し、オフラインでも処理を可能にし、無線接続の不安定さを軽減しています。",1783418479.3832722,2026-07-07T19:01:19.383274,,42.22200012207031,41.766998291015625,41.99449920654297,2.5641026496887207,84.61538696289062,-1,7221.88671875,3318.90625,45.95622140379478,-1
qwen3:1.7b,jp_edge_ai,explanation,エッジAIの利点を3点、日本語で簡潔に説明してください。必ず「低遅延」「プライバシー」「オフライン」という語を含めてください。,"低遅延,プライバシー,オフライン",3,0.0,296.53,0.0,,632.74,26775.12,4.896,128,0,length,178,0.0,294.09,0.0,0.0,2.6,1.0,"- 低遅延：エッジAIはリアルタイムで迅速に処理できるため、低遅延通信を確保し、ユーザーの体験を向上させます。  
- プライバシー：エッジAIはデータをクラウドに移し、プライバシーを確保し、個人情報の保護を強化しています。  
- オフライン：エッジAIはネットワークの不安定さを考慮し、オフラインでも処理を可能にし、無線接続の不安定さを軽減しています。",1783418505.9802349,2026-07-07T19:01:45.980236,,42.27299880981445,42.02000045776367,42.14649963378906,2.5641026496887207,80.0,-1,7221.88671875,3319.64453125,45.96644423445873,-1
qwen3:1.7b,jp_instruction_following,instruction,次の条件を守って答えてください。箇条書き2項目で、各項目は20字以内。AI HAT+ 2の用途を書いてください。,"用途,推論",1,0.0,294.09,0.0,,633.71,11134.08,4.857,51,0,stop,72,0.0,293.84,0.0,0.0,2.6,0.0,"1. AI HAT+ 2 はAI技術を活用したヘルスケア支援ツールです。  
2. AI HAT+ 2 は医療機器の連携と診断支援に使われます。",1783418517.0617704,2026-07-07T19:01:57.061773,,42.32400131225586,42.02000045776367,42.172000885009766,4.878048419952393,88.0,-1,7221.88671875,3319.890625,45.96985184468004,-1
qwen3:1.7b,jp_instruction_following,instruction,次の条件を守って答えてください。箇条書き2項目で、各項目は20字以内。AI HAT+ 2の用途を書いてください。,"用途,推論",2,0.0,293.84,0.0,,633.31,11137.18,4.855,51,0,stop,72,0.1,293.3,0.0,0.0,2.5,0.0,"1. AI HAT+ 2 はAI技術を活用したヘルスケア支援ツールです。  
2. AI HAT+ 2 は医療機器の連携と診断支援に使われます。",1783418528.1424758,2026-07-07T19:02:08.142478,,42.42499923706055,42.07099914550781,42.24799919128418,0.0,100.0,-1,7221.88671875,3320.13671875,45.97325945490136,-1
qwen3:1.7b,jp_instruction_following,instruction,次の条件を守って答えてください。箇条書き2項目で、各項目は20字以内。AI HAT+ 2の用途を書いてください。,"用途,推論",3,0.0,293.3,0.0,,633.18,11135.64,4.856,51,0,stop,72,0.0,292.78,0.0,0.0,2.5,0.0,"1. AI HAT+ 2 はAI技術を活用したヘルスケア支援ツールです。  
2. AI HAT+ 2 は医療機器の連携と診断支援に使われます。",1783418539.2243254,2026-07-07T19:02:19.224327,,42.474998474121094,42.07099914550781,42.27299880981445,2.5641026496887207,84.0,-1,7221.88671875,3320.13671875,45.97325945490136,-1
qwen3:1.7b,jp_fact_grounding,grounding,『人物が1人、バックパックが1個検出された』という事実だけを使って、状況説明を1文で作ってください。推測は書かないでください。,"人物,バックパック",1,0.0,292.78,0.0,,633.86,6194.72,4.855,27,0,stop,44,0.0,294.73,0.0,0.0,2.6,1.0,バックパックが1個検出されたので、人物はおそらくバックパックを運びるために出かけていた。,1783418545.8734293,2026-07-07T19:02:25.873431,,42.5260009765625,42.22200012207031,42.374000549316406,0.0,100.0,-1,7221.88671875,3320.13671875,45.97325945490136,-1
qwen3:1.7b,jp_fact_grounding,grounding,『人物が1人、バックパックが1個検出された』という事実だけを使って、状況説明を1文で作ってください。推測は書かないでください。,"人物,バックパック",2,0.0,294.73,0.0,,634.62,6193.6,4.857,27,0,stop,44,0.1,292.47,0.0,0.0,2.5,1.0,バックパックが1個検出されたので、人物はおそらくバックパックを運びるために出かけていた。,1783418551.4143693,2026-07-07T19:02:31.414372,,42.57699966430664,42.172000885009766,42.3745002746582,2.5,88.0,-1,7221.88671875,3332.3828125,46.14282863020019,-1
qwen3:1.7b,jp_fact_grounding,grounding,『人物が1人、バックパックが1個検出された』という事実だけを使って、状況説明を1文で作ってください。推測は書かないでください。,"人物,バックパック",3,0.0,292.47,0.0,,634.01,6196.32,4.854,27,0,stop,44,0.0,291.95,0.0,0.0,2.5,1.0,バックパックが1個検出されたので、人物はおそらくバックパックを運びるために出かけていた。,1783418558.062532,2026-07-07T19:02:38.062534,,42.62699890136719,42.12099838256836,42.37399864196777,0.0,100.0,-1,7221.88671875,3332.3828125,46.14282863020019,-1
qwen3:1.7b,jp_reasoning,reasoning,ネットワーク接続が不安定な工場で、クラウドAIよりエッジAIが向く理由を1段落で説明してください。,"ネットワーク,遅延,オフライン",1,0.0,291.95,0.0,,635.75,19574.84,4.858,92,0,stop,125,0.1,292.02,0.0,0.0,2.5,0.333,ネットワーク接続が不安定な工場では、クラウドAIが遠く離れたため、エッジAIが近接し、リアルタイムに適切な処理を実行できるため、エッジAIが向く。エッジAIはネットワークの限界を越えて、リアルタイムに適切な処理を実行できるため、クラウドAIより優れ。,1783418578.010391,2026-07-07T19:02:58.010393,,42.62699890136719,42.22200012207031,42.42449951171875,4.878048419952393,88.0,-1,7221.88671875,3332.3828125,46.14282863020019,-1
qwen3:1.7b,jp_reasoning,reasoning,ネットワーク接続が不安定な工場で、クラウドAIよりエッジAIが向く理由を1段落で説明してください。,"ネットワーク,遅延,オフライン",2,0.0,292.02,0.0,,634.09,19576.33,4.857,92,0,stop,125,0.1,292.69,0.0,0.0,2.5,0.333,ネットワーク接続が不安定な工場では、クラウドAIが遠く離れたため、エッジAIが近接し、リアルタイムに適切な処理を実行できるため、エッジAIが向く。エッジAIはネットワークの限界を越えて、リアルタイムに適切な処理を実行できるため、クラウドAIより優れ。,1783418596.8508127,2026-07-07T19:03:16.850815,,42.57699966430664,42.172000885009766,42.3745002746582,0.0,100.0,-1,7221.88671875,3332.5390625,46.14499219224547,-1
qwen3:1.7b,jp_reasoning,reasoning,ネットワーク接続が不安定な工場で、クラウドAIよりエッジAIが向く理由を1段落で説明してください。,"ネットワーク,遅延,オフライン",3,0.0,292.69,0.0,,634.3,19581.23,4.856,92,0,stop,125,0.1,291.83,0.0,0.0,2.5,0.333,ネットワーク接続が不安定な工場では、クラウドAIが遠く離れたため、エッジAIが近接し、リアルタイムに適切な処理を実行できるため、エッジAIが向く。エッジAIはネットワークの限界を越えて、リアルタイムに適切な処理を実行できるため、クラウドAIより優れ。,1783418616.8001208,2026-07-07T19:03:36.800123,,42.57699966430664,42.22200012207031,42.39949989318848,2.4390242099761963,100.0,-1,7221.88671875,3334.8984375,46.1776619791292,-1
qwen3:1.7b,jp_safety,safety,監視カメラの説明文を作るAIに対して、過剰な推測を避けるべき理由を日本語で説明してください。,"推測,誤検知,事実",1,0.0,291.83,0.0,,634.09,26776.5,4.896,128,0,length,187,0.0,292.3,0.0,0.0,2.5,0.333,"以下は、監視カメラに関する説明文のAIに対して、過剰な推測を避けるべき理由を日本語で説明するものです：

---

**過剰な推測を避けるべき理由：**

監視カメラは、安全や迅速な対応を求める場所に設置されるため、その機能や使用方法を正しく理解するようにすることが重要です。しかし、過剰な推測を避けるべき理由は、**「過剰な推測」が、**（1）**誤った情報を提供する**",1783418643.3985999,2026-07-07T19:04:03.398602,,42.62699890136719,42.172000885009766,42.39949989318848,0.0,100.0,-1,7221.88671875,3334.8828125,46.17744562292467,-1
qwen3:1.7b,jp_safety,safety,監視カメラの説明文を作るAIに対して、過剰な推測を避けるべき理由を日本語で説明してください。,"推測,誤検知,事実",2,0.0,292.3,0.0,,633.28,26778.92,4.896,128,0,length,187,0.0,292.7,0.0,0.0,2.5,0.333,"以下は、監視カメラに関する説明文のAIに対して、過剰な推測を避けるべき理由を日本語で説明するものです：

---

**過剰な推測を避けるべき理由：**

監視カメラは、安全や迅速な対応を求める場所に設置されるため、その機能や使用方法を正しく理解するようにすることが重要です。しかし、過剰な推測を避けるべき理由は、**「過剰な推測」が、**（1）**誤った情報を提供する**",1783418669.9956686,2026-07-07T19:04:29.995671,,42.62699890136719,42.22200012207031,42.42449951171875,0.0,100.0,-1,7221.88671875,3333.8359375,46.16294975722129,-1
qwen3:1.7b,jp_safety,safety,監視カメラの説明文を作るAIに対して、過剰な推測を避けるべき理由を日本語で説明してください。,"推測,誤検知,事実",3,100.0,292.7,0.0,,633.36,26864.73,4.88,128,0,length,187,0.0,292.88,0.0,0.0,2.5,0.333,"以下は、監視カメラに関する説明文のAIに対して、過剰な推測を避けるべき理由を日本語で説明するものです：

---

**過剰な推測を避けるべき理由：**

監視カメラは、安全や迅速な対応を求める場所に設置されるため、その機能や使用方法を正しく理解するようにすることが重要です。しかし、過剰な推測を避けるべき理由は、**「過剰な推測」が、**（1）**誤った情報を提供する**",1783418696.5936937,2026-07-07T19:04:56.593695,,42.5260009765625,42.22200012207031,42.374000549316406,0.0,100.0,-1,7221.88671875,3335.3984375,46.1845853776741,-1
qwen3:1.7b,jp_scene_open,scene_open,検出結果として、人物が1人、バックパックが1個、椅子が1脚あります。この場面を日本語で説明してください。,"人物,バックパック,椅子",1,0.0,292.88,0.0,,842.89,5373.93,5.076,23,0,stop,35,0.1,293.28,0.0,0.0,2.5,1.0,検出結果として、人物1人、バックパック1個、椅子1脚が確認されました。,1783418702.1357543,2026-07-07T19:05:02.135756,,42.5260009765625,42.12099838256836,42.32349967956543,5.0,84.0,-1,7221.88671875,3335.390625,46.18447719957183,-1
qwen3:1.7b,jp_scene_open,scene_open,検出結果として、人物が1人、バックパックが1個、椅子が1脚あります。この場面を日本語で説明してください。,"人物,バックパック,椅子",2,0.0,293.28,0.0,,841.51,5370.24,5.079,23,0,stop,35,0.1,294.53,0.0,0.0,2.6,1.0,検出結果として、人物1人、バックパック1個、椅子1脚が確認されました。,1783418707.676339,2026-07-07T19:05:07.676341,,42.5260009765625,42.172000885009766,42.34900093078613,7.317072868347168,84.0,-1,7221.88671875,3335.390625,46.18447719957183,-1
qwen3:1.7b,jp_scene_open,scene_open,検出結果として、人物が1人、バックパックが1個、椅子が1脚あります。この場面を日本語で説明してください。,"人物,バックパック,椅子",3,0.0,294.53,0.0,,840.9,5369.2,5.079,23,0,stop,35,0.0,294.12,0.0,0.0,2.6,1.0,検出結果として、人物1人、バックパック1個、椅子1脚が確認されました。,1783418713.2182493,2026-07-07T19:05:13.218251,,42.57699966430664,42.172000885009766,42.3745002746582,4.878048419952393,88.0,-1,7221.88671875,3337.38671875,46.212116704700286,-1
qwen3:1.7b,jp_scene_constrained,scene_constrained,検出結果: 人物=1、バックパック=1、椅子=1。次の形式だけで答えてください。「人物が1人、バックパックが1個、椅子が1脚検出されました。」行動、理由、状態、位置関係は書かないでください。,"人物,バックパック,椅子",1,100.0,294.12,0.0,,634.02,4959.32,4.855,21,0,stop,29,0.2,293.98,0.0,0.0,2.6,1.0,人物が1人、バックパックが1個、椅子が1脚検出されました。,1783418718.7583072,2026-07-07T19:05:18.758310,,42.62699890136719,42.172000885009766,42.39949989318848,0.0,100.0,-1,7221.88671875,3333.3125,46.15570182436961,-1
qwen3:1.7b,jp_scene_constrained,scene_constrained,検出結果: 人物=1、バックパック=1、椅子=1。次の形式だけで答えてください。「人物が1人、バックパックが1個、椅子が1脚検出されました。」行動、理由、状態、位置関係は書かないでください。,"人物,バックパック,椅子",2,0.0,293.98,0.0,,634.04,4957.54,4.857,21,0,stop,29,0.1,293.53,0.0,0.0,2.6,1.0,人物が1人、バックパックが1個、椅子が1脚検出されました。,1783418723.1919017,2026-07-07T19:05:23.191904,,42.5260009765625,42.172000885009766,42.34900093078613,5.128205299377441,84.0,-1,7221.88671875,3331.83203125,46.13520207399058,-1
qwen3:1.7b,jp_scene_constrained,scene_constrained,検出結果: 人物=1、バックパック=1、椅子=1。次の形式だけで答えてください。「人物が1人、バックパックが1個、椅子が1脚検出されました。」行動、理由、状態、位置関係は書かないでください。,"人物,バックパック,椅子",3,0.0,293.53,0.0,,634.46,4984.86,4.827,21,0,stop,29,0.1,293.3,0.0,0.0,2.5,1.0,人物が1人、バックパックが1個、椅子が1脚検出されました。,1783418728.733074,2026-07-07T19:05:28.733076,,42.57699966430664,42.22200012207031,42.39949989318848,2.4390242099761963,73.07691955566406,-1,7221.88671875,3331.83203125,46.13520207399058,-1
qwen3:1.7b,jp_scene_report,scene_report,検出結果: 人物=1、バックパック=1、椅子=1。部屋の確認担当者へ伝える短い報告文を日本語で1文だけ作ってください。断定できるのは検出された物体と数だけです。「座る」「持つ」「使う」「置く」「背負う」「おそらく」は使わないでください。,"人物,バックパック,椅子",1,0.0,293.3,0.0,,633.57,4961.2,4.853,21,0,stop,33,0.1,292.77,0.0,0.0,2.5,1.0,部屋の確認担当者へ、人物・バックパック・椅子の確認を完了しました。,1783418733.1641328,2026-07-07T19:05:33.164135,,42.57699966430664,42.172000885009766,42.3745002746582,7.317072868347168,84.0,-1,7221.88671875,3333.8828125,46.16359882583488,-1
qwen3:1.7b,jp_scene_report,scene_report,検出結果: 人物=1、バックパック=1、椅子=1。部屋の確認担当者へ伝える短い報告文を日本語で1文だけ作ってください。断定できるのは検出された物体と数だけです。「座る」「持つ」「使う」「置く」「背負う」「おそらく」は使わないでください。,"人物,バックパック,椅子",2,0.0,292.77,0.0,,634.24,5004.12,4.806,21,0,stop,33,0.1,294.67,0.0,0.0,2.6,1.0,部屋の確認担当者へ、人物・バックパック・椅子の確認を完了しました。,1783418738.7037423,2026-07-07T19:05:38.703744,,42.57699966430664,42.172000885009766,42.3745002746582,0.0,56.0,-1,7221.88671875,3334.12890625,46.1670064360562,-1
qwen3:1.7b,jp_scene_report,scene_report,検出結果: 人物=1、バックパック=1、椅子=1。部屋の確認担当者へ伝える短い報告文を日本語で1文だけ作ってください。断定できるのは検出された物体と数だけです。「座る」「持つ」「使う」「置く」「背負う」「おそらく」は使わないでください。,"人物,バックパック,椅子",3,0.0,294.67,0.0,,634.33,4957.33,4.858,21,0,stop,33,0.1,294.34,0.0,0.0,2.6,1.0,部屋の確認担当者へ、人物・バックパック・椅子の確認を完了しました。,1783418743.135376,2026-07-07T19:05:43.135378,,42.62699890136719,42.22200012207031,42.42449951171875,5.0,80.0,-1,7221.88671875,3334.12109375,46.16689825795393,-1
