model,prompt_id,category,run_index,done_reason,ttft_ms,total_ms,tokens_per_sec,keyword_coverage,expected_keywords,prompt_text,response_text
deepseek_r1:1.5b,jp_summary_rpi,summary,1,length,1472.78,18127.66,7.685,0.333,"Raspberry Pi,小型,コンピュータ",Raspberry Pi 5の特徴を日本語で80字以内に要約してください。,"Okay, I need to summarize the features of the Raspberry Pi 5 in about 60 words. Let me list out what I know: it's a single-board computer, uses microcontrollers, has a 32-bit processor, runs on 48V DC power, supports multiple operating modes like RAS and LGA, has built-in peripherals like a USB port, can run on 3.3V batteries, has a 100 MHz clock speed, and is expandable with additional hardware.

Wait, maybe I should make sure each feature is concise without getting too wordy.
</think>

Raspberry Pi "
deepseek_r1:1.5b,jp_summary_rpi,summary,2,length,1470.92,18120.76,7.688,0.333,"Raspberry Pi,小型,コンピュータ",Raspberry Pi 5の特徴を日本語で80字以内に要約してください。,"Okay, I need to summarize the features of the Raspberry Pi 5 in about 60 words. Let me list out what I know: it's a single-board computer, uses microcontrollers, has a 32-bit processor, runs on 48V DC power, supports multiple operating modes like RAS and LGA, has built-in peripherals like a USB port, can run on 3.3V batteries, has a 100 MHz clock speed, and is expandable with additional hardware.

Wait, maybe I should make sure each feature is concise without getting too wordy.
</think>

Raspberry Pi "
deepseek_r1:1.5b,jp_summary_rpi,summary,3,length,1472.64,18135.24,7.682,0.333,"Raspberry Pi,小型,コンピュータ",Raspberry Pi 5の特徴を日本語で80字以内に要約してください。,"Okay, I need to summarize the features of the Raspberry Pi 5 in about 60 words. Let me list out what I know: it's a single-board computer, uses microcontrollers, has a 32-bit processor, runs on 48V DC power, supports multiple operating modes like RAS and LGA, has built-in peripherals like a USB port, can run on 3.3V batteries, has a 100 MHz clock speed, and is expandable with additional hardware.

Wait, maybe I should make sure each feature is concise without getting too wordy.
</think>

Raspberry Pi "
deepseek_r1:1.5b,jp_edge_ai,explanation,1,length,1471.54,18129.63,7.684,0.0,"低遅延,プライバシー,オフライン",エッジAIの利点を3点、日本語で簡潔に説明してください。,"嗯，我最近在学习关于AI的方面，特别是关于Edge AI的部分。听说Edge AI是指将AI应用到设备边缘，比如手机、电脑等，这样可以减少数据处理和延迟。但是具体有哪些利点呢？我记得有一些公司已经成功地应用了Edge AI，比如Google、Microsoft和Amazon。

首先，成本节省是一个明显的利点吧！因为Edge AI不需要像端口设备那样 expensive，只需要在设备边缘运行就可以。所以用户的成本降低了，这对很多需要在边缘工作的公司来说是个很大的优势。

然后是隐私保护。传统AI系统通常会收集和存储大量的数据，"
deepseek_r1:1.5b,jp_edge_ai,explanation,2,length,1470.56,18124.79,7.686,0.0,"低遅延,プライバシー,オフライン",エッジAIの利点を3点、日本語で簡潔に説明してください。,"嗯，我最近在学习关于AI的方面，特别是关于Edge AI的部分。听说Edge AI是指将AI应用到设备边缘，比如手机、电脑等，这样可以减少数据处理和延迟。但是具体有哪些利点呢？我记得有一些公司已经成功地应用了Edge AI，比如Google、Microsoft和Amazon。

首先，成本节省是一个明显的利点吧！因为Edge AI不需要像端口设备那样 expensive，只需要在设备边缘运行就可以。所以用户的成本降低了，这对很多需要在边缘工作的公司来说是个很大的优势。

然后是隐私保护。传统AI系统通常会收集和存储大量的数据，"
deepseek_r1:1.5b,jp_edge_ai,explanation,3,length,1471.73,18127.16,7.685,0.0,"低遅延,プライバシー,オフライン",エッジAIの利点を3点、日本語で簡潔に説明してください。,"嗯，我最近在学习关于AI的方面，特别是关于Edge AI的部分。听说Edge AI是指将AI应用到设备边缘，比如手机、电脑等，这样可以减少数据处理和延迟。但是具体有哪些利点呢？我记得有一些公司已经成功地应用了Edge AI，比如Google、Microsoft和Amazon。

首先，成本节省是一个明显的利点吧！因为Edge AI不需要像端口设备那样 expensive，只需要在设备边缘运行就可以。所以用户的成本降低了，这对很多需要在边缘工作的公司来说是个很大的优势。

然后是隐私保护。传统AI系统通常会收集和存储大量的数据，"
deepseek_r1:1.5b,jp_instruction_following,instruction,1,length,1471.6,18124.46,7.686,0.0,"用途,推論",次の条件を守って答えてください。箇条書き2項目で、各項目は20字以内。AI HAT+ 2の用途を書いてください。,"嗯，用户希望我写两篇关于AI的短文，每篇不超过20个字。首先，我要确定主题是关于AI的现状和未来趋势。然后，考虑用简洁的语言表达这些观点。

第一篇可以介绍AI的发展情况，比如在医疗、教育和工业中的应用。第二篇则可以探讨AI带来的机遇和挑战，以及它们如何影响我们的生活。

接下来，我需要确保语言简练，每句话都控制在20个字以内，并且整体结构清晰。同时，要使用一些生动的词汇来增强文章的吸引力。

最后，检查一下是否符合用户的"
deepseek_r1:1.5b,jp_instruction_following,instruction,2,length,1471.71,18126.86,7.685,0.0,"用途,推論",次の条件を守って答えてください。箇条書き2項目で、各項目は20字以内。AI HAT+ 2の用途を書いてください。,"嗯，用户希望我写两篇关于AI的短文，每篇不超过20个字。首先，我要确定主题是关于AI的现状和未来趋势。然后，考虑用简洁的语言表达这些观点。

第一篇可以介绍AI的发展情况，比如在医疗、教育和工业中的应用。第二篇则可以探讨AI带来的机遇和挑战，以及它们如何影响我们的生活。

接下来，我需要确保语言简练，每句话都控制在20个字以内，并且整体结构清晰。同时，要使用一些生动的词汇来增强文章的吸引力。

最后，检查一下是否符合用户的"
deepseek_r1:1.5b,jp_instruction_following,instruction,3,length,1470.77,18126.88,7.685,0.0,"用途,推論",次の条件を守って答えてください。箇条書き2項目で、各項目は20字以内。AI HAT+ 2の用途を書いてください。,"嗯，用户希望我写两篇关于AI的短文，每篇不超过20个字。首先，我要确定主题是关于AI的现状和未来趋势。然后，考虑用简洁的语言表达这些观点。

第一篇可以介绍AI的发展情况，比如在医疗、教育和工业中的应用。第二篇则可以探讨AI带来的机遇和挑战，以及它们如何影响我们的生活。

接下来，我需要确保语言简练，每句话都控制在20个字以内，并且整体结构清晰。同时，要使用一些生动的词汇来增强文章的吸引力。

最后，检查一下是否符合用户的"
deepseek_r1:1.5b,jp_fact_grounding,grounding,1,length,1473.02,18126.37,7.686,0.0,"人物,バックパック",『人物が1人、バックパックが1個検出された』という事実だけを使って、状況説明を1文で作ってください。推測は書かないでください。,"Okay, so I need help creating a situation explanation based on the given clues. The user mentioned that there's one person and one backpack checked out. Hmm, but how do these clues lead to a specific scenario? Maybe it's about an adventure or a trip where someone is lost.

I should start by considering possible scenarios. For example, maybe a hiking trip where someone forgot their pack. Or perhaps a day trip where the person forgot their gear. Both situations involve a single person and a checked-out item, which fits the description perfectly.

I'll outline two different scenarios: one as a hiking trip with a lost pack and another as"
deepseek_r1:1.5b,jp_fact_grounding,grounding,2,length,1565.07,18187.9,7.7,0.0,"人物,バックパック",『人物が1人、バックパックが1個検出された』という事実だけを使って、状況説明を1文で作ってください。推測は書かないでください。,"Okay, so I need help creating a situation explanation based on the given clues. The user mentioned that there's one person and one backpack checked out. Hmm, but how do these clues lead to a specific scenario? Maybe it's about an adventure or a trip where someone is lost.

I should start by considering possible scenarios. For example, maybe a hiking trip where someone forgot their pack. Or perhaps a day trip where the person forgot their gear. Both situations involve a single person and a checked-out item, which fits the description perfectly.

I'll outline two different scenarios: one as a hiking trip with a lost pack and another as"
deepseek_r1:1.5b,jp_fact_grounding,grounding,3,length,1472.26,18124.92,7.686,0.0,"人物,バックパック",『人物が1人、バックパックが1個検出された』という事実だけを使って、状況説明を1文で作ってください。推測は書かないでください。,"Okay, so I need help creating a situation explanation based on the given clues. The user mentioned that there's one person and one backpack checked out. Hmm, but how do these clues lead to a specific scenario? Maybe it's about an adventure or a trip where someone is lost.

I should start by considering possible scenarios. For example, maybe a hiking trip where someone forgot their pack. Or perhaps a day trip where the person forgot their gear. Both situations involve a single person and a checked-out item, which fits the description perfectly.

I'll outline two different scenarios: one as a hiking trip with a lost pack and another as"
deepseek_r1:1.5b,jp_translation,translation,1,length,1472.21,18121.94,7.688,0.0,"デバイス,画像,遅延",次の英文を日本語に訳してください。The device processes images locally to reduce latency.,"Alright, I need to translate the given English text into Japanese. The original text is: ""The device processesimages locally to reduce latency."" 

First, let's break down each part of the sentence.

1. **""The device""**: This translates to "" equipped with a device.""
2. **""process images locally""**: ""加工图像在本地进行。""
3. **""to decrease latency""**: ""减少延迟。""

Now, putting it all back together in Japanese:

- Start with the first word: "" equiped with a device.""
- Then add the next phrase: ""processing images in local.""
- Finally"
deepseek_r1:1.5b,jp_translation,translation,2,length,1469.74,18121.87,7.687,0.0,"デバイス,画像,遅延",次の英文を日本語に訳してください。The device processes images locally to reduce latency.,"Alright, I need to translate the given English text into Japanese. The original text is: ""The device processesimages locally to reduce latency."" 

First, let's break down each part of the sentence.

1. **""The device""**: This translates to "" equipped with a device.""
2. **""process images locally""**: ""加工图像在本地进行。""
3. **""to decrease latency""**: ""减少延迟。""

Now, putting it all back together in Japanese:

- Start with the first word: "" equiped with a device.""
- Then add the next phrase: ""processing images in local.""
- Finally"
deepseek_r1:1.5b,jp_translation,translation,3,length,1470.56,18129.62,7.684,0.0,"デバイス,画像,遅延",次の英文を日本語に訳してください。The device processes images locally to reduce latency.,"Alright, I need to translate the given English text into Japanese. The original text is: ""The device processesimages locally to reduce latency."" 

First, let's break down each part of the sentence.

1. **""The device""**: This translates to "" equipped with a device.""
2. **""process images locally""**: ""加工图像在本地进行。""
3. **""to decrease latency""**: ""减少延迟。""

Now, putting it all back together in Japanese:

- Start with the first word: "" equiped with a device.""
- Then add the next phrase: ""processing images in local.""
- Finally"
deepseek_r1:1.5b,jp_reasoning,reasoning,1,length,1471.4,18123.93,7.687,0.0,"ネットワーク,遅延,オフライン",ネットワーク接続が不安定な工場で、クラウドAIよりエッジAIが向く理由を1段落で説明してください。,"嗯，我最近在工作中遇到了一个不太稳定的工作环境。周围的人开始用“Clustering AI”来描述我的工作状态，这让我有点困惑。为什么我会用这个词呢？是不是因为我的工作变得复杂了？还是说我的工作方式改变了？

首先，我需要理解什么是“Clustering AI”。从名字上看，“Clustering”通常指数据聚类，也就是把相似的数据点归为同一个组。所以，Clustering AI可能是指一种用来处理和分析数据的方法。那么，如果我在工作中使用Clustering AI，会不会导致我的工作变得不稳定？

也许是因为Clustering AI帮助了我的"
deepseek_r1:1.5b,jp_reasoning,reasoning,2,length,1472.14,18123.86,7.687,0.0,"ネットワーク,遅延,オフライン",ネットワーク接続が不安定な工場で、クラウドAIよりエッジAIが向く理由を1段落で説明してください。,"嗯，我最近在工作中遇到了一个不太稳定的工作环境。周围的人开始用“Clustering AI”来描述我的工作状态，这让我有点困惑。为什么我会用这个词呢？是不是因为我的工作变得复杂了？还是说我的工作方式改变了？

首先，我需要理解什么是“Clustering AI”。从名字上看，“Clustering”通常指数据聚类，也就是把相似的数据点归为同一个组。所以，Clustering AI可能是指一种用来处理和分析数据的方法。那么，如果我在工作中使用Clustering AI，会不会导致我的工作变得不稳定？

也许是因为Clustering AI帮助了我的"
deepseek_r1:1.5b,jp_reasoning,reasoning,3,length,1471.71,18122.68,7.687,0.0,"ネットワーク,遅延,オフライン",ネットワーク接続が不安定な工場で、クラウドAIよりエッジAIが向く理由を1段落で説明してください。,"嗯，我最近在工作中遇到了一个不太稳定的工作环境。周围的人开始用“Clustering AI”来描述我的工作状态，这让我有点困惑。为什么我会用这个词呢？是不是因为我的工作变得复杂了？还是说我的工作方式改变了？

首先，我需要理解什么是“Clustering AI”。从名字上看，“Clustering”通常指数据聚类，也就是把相似的数据点归为同一个组。所以，Clustering AI可能是指一种用来处理和分析数据的方法。那么，如果我在工作中使用Clustering AI，会不会导致我的工作变得不稳定？

也许是因为Clustering AI帮助了我的"
deepseek_r1:1.5b,jp_safety,safety,1,length,1471.77,18125.0,7.686,0.0,"推測,誤検知,事実",監視カメラの説明文を作るAIに対して、過剰な推測を避けるべき理由を日本語で説明してください。,"嗯，用户想要用英文解释为什么需要防止过多的视觉推理。首先，我得理解什么是视觉推理。它是指通过图像识别来分析和理解内容的能力。

接下来，我要考虑用户的需求。他们可能在开发AI模型时遇到了过高的推理速度问题。这时候，避免过多推理可能会导致模型无法处理复杂任务，影响用户体验。

然后是技术方面。现有的方法可能不够智能，容易出错或者不准确。所以，寻找更可靠的推理方式非常重要。

最后，用户可能希望了解具体的解决方案，比如使用更强大的工具或调整模型设置以减少推理量。

总的来说，我需要用简单"
deepseek_r1:1.5b,jp_safety,safety,2,length,1470.58,18123.99,7.686,0.0,"推測,誤検知,事実",監視カメラの説明文を作るAIに対して、過剰な推測を避けるべき理由を日本語で説明してください。,"嗯，用户想要用英文解释为什么需要防止过多的视觉推理。首先，我得理解什么是视觉推理。它是指通过图像识别来分析和理解内容的能力。

接下来，我要考虑用户的需求。他们可能在开发AI模型时遇到了过高的推理速度问题。这时候，避免过多推理可能会导致模型无法处理复杂任务，影响用户体验。

然后是技术方面。现有的方法可能不够智能，容易出错或者不准确。所以，寻找更可靠的推理方式非常重要。

最后，用户可能希望了解具体的解决方案，比如使用更强大的工具或调整模型设置以减少推理量。

总的来说，我需要用简单"
deepseek_r1:1.5b,jp_safety,safety,3,length,1471.92,18125.08,7.686,0.0,"推測,誤検知,事実",監視カメラの説明文を作るAIに対して、過剰な推測を避けるべき理由を日本語で説明してください。,"嗯，用户想要用英文解释为什么需要防止过多的视觉推理。首先，我得理解什么是视觉推理。它是指通过图像识别来分析和理解内容的能力。

接下来，我要考虑用户的需求。他们可能在开发AI模型时遇到了过高的推理速度问题。这时候，避免过多推理可能会导致模型无法处理复杂任务，影响用户体验。

然后是技术方面。现有的方法可能不够智能，容易出错或者不准确。所以，寻找更可靠的推理方式非常重要。

最后，用户可能希望了解具体的解决方案，比如使用更强大的工具或调整模型设置以减少推理量。

总的来说，我需要用简单"
deepseek_r1:1.5b,jp_code_comment,developer,1,length,1470.81,18224.41,7.64,0.0,"エラー,例外処理,安定",Pythonで例外処理を入れる理由を、初心者向けに日本語で2文で説明してください。,"嗯，用户想要了解为什么在Python中使用例外处理的原因，并且是初级水平的日本语。首先，我得理解什么是例外处理。它主要是指当程序运行到某个点时，发生错误或者异常情况，这时候需要我们去处理和解决。

接下来，我要考虑用户的需求。他们可能刚接触编程，对Python不太熟悉，所以需要解释清楚原因。要避免使用复杂的术语，用简单明了的语言来说明。

然后，思考如何组织内容。分成两部分：第一部分讲为什么需要例外处理，第二部分讲如何实现。这样结构清晰，容易理解。

最后，"
deepseek_r1:1.5b,jp_code_comment,developer,2,length,1470.77,18129.34,7.684,0.0,"エラー,例外処理,安定",Pythonで例外処理を入れる理由を、初心者向けに日本語で2文で説明してください。,"嗯，用户想要了解为什么在Python中使用例外处理的原因，并且是初级水平的日本语。首先，我得理解什么是例外处理。它主要是指当程序运行到某个点时，发生错误或者异常情况，这时候需要我们去处理和解决。

接下来，我要考虑用户的需求。他们可能刚接触编程，对Python不太熟悉，所以需要解释清楚原因。要避免使用复杂的术语，用简单明了的语言来说明。

然后，思考如何组织内容。分成两部分：第一部分讲为什么需要例外处理，第二部分讲如何实现。这样结构清晰，容易理解。

最后，"
deepseek_r1:1.5b,jp_code_comment,developer,3,length,1470.47,18129.42,7.684,0.0,"エラー,例外処理,安定",Pythonで例外処理を入れる理由を、初心者向けに日本語で2文で説明してください。,"嗯，用户想要了解为什么在Python中使用例外处理的原因，并且是初级水平的日本语。首先，我得理解什么是例外处理。它主要是指当程序运行到某个点时，发生错误或者异常情况，这时候需要我们去处理和解决。

接下来，我要考虑用户的需求。他们可能刚接触编程，对Python不太熟悉，所以需要解释清楚原因。要避免使用复杂的术语，用简单明了的语言来说明。

然后，思考如何组织内容。分成两部分：第一部分讲为什么需要例外处理，第二部分讲如何实现。这样结构清晰，容易理解。

最后，"
llama3.2:1b,jp_summary_rpi,summary,1,stop,346.33,8872.9,10.086,0.333,"Raspberry Pi,小型,コンピュータ",Raspberry Pi 5の特徴を日本語で80字以内に要約してください。,Raspberry Pi 5： Raspberry Pi 5（ピースイ）は、32ビットのマイクロソフトを使用して、ハードウェアとソフトを組み合わせたハードウェアコンピュナントです。 64ビットのマイクロソフトを使用することで、より高速でより信頼性が高いハードウェアを実装できます。
llama3.2:1b,jp_summary_rpi,summary,2,stop,344.99,8883.29,10.072,0.333,"Raspberry Pi,小型,コンピュータ",Raspberry Pi 5の特徴を日本語で80字以内に要約してください。,Raspberry Pi 5： Raspberry Pi 5（ピースイ）は、32ビットのマイクロソフトを使用して、ハードウェアとソフトを組み合わせたハードウェアコンピュナントです。 64ビットのマイクロソフトを使用することで、より高速でより信頼性が高いハードウェアを実装できます。
llama3.2:1b,jp_summary_rpi,summary,3,stop,345.03,8884.59,10.071,0.333,"Raspberry Pi,小型,コンピュータ",Raspberry Pi 5の特徴を日本語で80字以内に要約してください。,Raspberry Pi 5： Raspberry Pi 5（ピースイ）は、32ビットのマイクロソフトを使用して、ハードウェアとソフトを組み合わせたハードウェアコンピュナントです。 64ビットのマイクロソフトを使用することで、より高速でより信頼性が高いハードウェアを実装できます。
llama3.2:1b,jp_edge_ai,explanation,1,length,343.93,12944.51,10.158,0.0,"低遅延,プライバシー,オフライン",エッジAIの利点を3点、日本語で簡潔に説明してください。,"エッジAIは、以下の利点を3点にします。

1.  **高性能**: エッジAIは、ハードデOCKな CPU を搭載して、プライVアYを高いレベルで実装できるようになっています。
2.  **スパイラディング**: エッジAIは、ハートブレードを多数回変えります。ハートブレードは、CPU の動作を制御するための 2 つの部分です。ハートブレードは、 CPU itself に含まれることができます。
3"
llama3.2:1b,jp_edge_ai,explanation,2,length,344.76,12935.37,10.166,0.0,"低遅延,プライバシー,オフライン",エッジAIの利点を3点、日本語で簡潔に説明してください。,"エッジAIは、以下の利点を3点にします。

1.  **高性能**: エッジAIは、ハードデOCKな CPU を搭載して、プライVアYを高いレベルで実装できるようになっています。
2.  **スパイラディング**: エッジAIは、ハートブレードを多数回変えります。ハートブレードは、CPU の動作を制御するための 2 つの部分です。ハートブレードは、 CPU itself に含まれることができます。
3"
llama3.2:1b,jp_edge_ai,explanation,3,length,344.31,12939.45,10.163,0.0,"低遅延,プライバシー,オフライン",エッジAIの利点を3点、日本語で簡潔に説明してください。,"エッジAIは、以下の利点を3点にします。

1.  **高性能**: エッジAIは、ハードデOCKな CPU を搭載して、プライVアYを高いレベルで実装できるようになっています。
2.  **スパイラディング**: エッジAIは、ハートブレードを多数回変えります。ハートブレードは、CPU の動作を制御するための 2 つの部分です。ハートブレードは、 CPU itself に含まれることができます。
3"
llama3.2:1b,jp_instruction_following,instruction,1,stop,345.32,11555.13,10.08,0.5,"用途,推論",次の条件を守って答えてください。箇条書き2項目で、各項目は20字以内。AI HAT+ 2の用途を書いてください。,"AI HAT+2の用途は、次のようすです。

1.  **AI-powered image editing**: AI HAT+2は、AI-powered image editing を使用して、写真を変えます。特に、AI HAT+2は、写真を変え、美学を改善するために使用できます。
2.  **2D/3D object manipulation**: AI HAT+2は、2D/3D object manipulation を使用して、3D objects を作成または操作することができます。"
llama3.2:1b,jp_instruction_following,instruction,2,stop,344.96,11635.88,10.008,0.5,"用途,推論",次の条件を守って答えてください。箇条書き2項目で、各項目は20字以内。AI HAT+ 2の用途を書いてください。,"AI HAT+2の用途は、次のようすです。

1.  **AI-powered image editing**: AI HAT+2は、AI-powered image editing を使用して、写真を変えます。特に、AI HAT+2は、写真を変え、美学を改善するために使用できます。
2.  **2D/3D object manipulation**: AI HAT+2は、2D/3D object manipulation を使用して、3D objects を作成または操作することができます。"
llama3.2:1b,jp_instruction_following,instruction,3,stop,344.86,11552.43,10.082,0.5,"用途,推論",次の条件を守って答えてください。箇条書き2項目で、各項目は20字以内。AI HAT+ 2の用途を書いてください。,"AI HAT+2の用途は、次のようすです。

1.  **AI-powered image editing**: AI HAT+2は、AI-powered image editing を使用して、写真を変えます。特に、AI HAT+2は、写真を変え、美学を改善するために使用できます。
2.  **2D/3D object manipulation**: AI HAT+2は、2D/3D object manipulation を使用して、3D objects を作成または操作することができます。"
llama3.2:1b,jp_fact_grounding,grounding,1,length,344.21,12932.38,10.168,0.0,"人物,バックパック",『人物が1人、バックパックが1個検出された』という事実だけを使って、状況説明を1文で作ってください。推測は書かないでください。,「物品が全部検出され、1人だけ発見できた。物品の総数は100個以上かもしれない。物品の種類は、箱から出てきたものを数えても難しいことがわからない。物品の場所はどの場所でもわかるようになっていた。物品の状態は、完全に無odorで、冷えたようになっていた。物品の温度は、正常な温度で、安定していた。物品の動作は、正常な動作で、静止していた。物品の状態は、完全に混
llama3.2:1b,jp_fact_grounding,grounding,2,length,344.49,12934.09,10.167,0.0,"人物,バックパック",『人物が1人、バックパックが1個検出された』という事実だけを使って、状況説明を1文で作ってください。推測は書かないでください。,「物品が全部検出され、1人だけ発見できた。物品の総数は100個以上かもしれない。物品の種類は、箱から出てきたものを数えても難しいことがわからない。物品の場所はどの場所でもわかるようになっていた。物品の状態は、完全に無odorで、冷えたようになっていた。物品の温度は、正常な温度で、安定していた。物品の動作は、正常な動作で、静止していた。物品の状態は、完全に混
llama3.2:1b,jp_fact_grounding,grounding,3,length,344.25,12941.64,10.161,0.0,"人物,バックパック",『人物が1人、バックパックが1個検出された』という事実だけを使って、状況説明を1文で作ってください。推測は書かないでください。,「物品が全部検出され、1人だけ発見できた。物品の総数は100個以上かもしれない。物品の種類は、箱から出てきたものを数えても難しいことがわからない。物品の場所はどの場所でもわかるようになっていた。物品の状態は、完全に無odorで、冷えたようになっていた。物品の温度は、正常な温度で、安定していた。物品の動作は、正常な動作で、静止していた。物品の状態は、完全に混
llama3.2:1b,jp_translation,translation,1,stop,344.62,5896.79,10.086,0.333,"デバイス,画像,遅延",次の英文を日本語に訳してください。The device processes images locally to reduce latency.,"この文を日本語に訳してください。

「画像のデータをローカーで使用する機器は、画像をローカーで使用するために画像のデータをローカーで取得するのに十分な時間がかかる。」"
llama3.2:1b,jp_translation,translation,2,stop,344.93,5896.54,10.087,0.333,"デバイス,画像,遅延",次の英文を日本語に訳してください。The device processes images locally to reduce latency.,"この文を日本語に訳してください。

「画像のデータをローカーで使用する機器は、画像をローカーで使用するために画像のデータをローカーで取得するのに十分な時間がかかる。」"
llama3.2:1b,jp_translation,translation,3,stop,344.4,5902.26,10.076,0.333,"デバイス,画像,遅延",次の英文を日本語に訳してください。The device processes images locally to reduce latency.,"この文を日本語に訳してください。

「画像のデータをローカーで使用する機器は、画像をローカーで使用するために画像のデータをローカーで取得するのに十分な時間がかかる。」"
llama3.2:1b,jp_reasoning,reasoning,1,length,344.91,12950.52,10.154,0.333,"ネットワーク,遅延,オフライン",ネットワーク接続が不安定な工場で、クラウドAIよりエッジAIが向く理由を1段落で説明してください。,"ネットワーク接続が不安定な工場で、クラウドAIよりエッジAIが向く理由を1段落としています。工場は古式の技術を使って作業を手伝っていますが、クラウドAIでは新型の技術を使って作業を自動化しています。両者は異なる視点から考えますが、工場は工学的な問題に近い可能性があります。

工場は古式の技術を使って作業を手伝っていますが、クラウドAIでは新型の技術を使って作業を"
llama3.2:1b,jp_reasoning,reasoning,2,length,345.42,12955.24,10.151,0.333,"ネットワーク,遅延,オフライン",ネットワーク接続が不安定な工場で、クラウドAIよりエッジAIが向く理由を1段落で説明してください。,"ネットワーク接続が不安定な工場で、クラウドAIよりエッジAIが向く理由を1段落としています。工場は古式の技術を使って作業を手伝っていますが、クラウドAIでは新型の技術を使って作業を自動化しています。両者は異なる視点から考えますが、工場は工学的な問題に近い可能性があります。

工場は古式の技術を使って作業を手伝っていますが、クラウドAIでは新型の技術を使って作業を"
llama3.2:1b,jp_reasoning,reasoning,3,length,344.96,12945.73,10.158,0.333,"ネットワーク,遅延,オフライン",ネットワーク接続が不安定な工場で、クラウドAIよりエッジAIが向く理由を1段落で説明してください。,"ネットワーク接続が不安定な工場で、クラウドAIよりエッジAIが向く理由を1段落としています。工場は古式の技術を使って作業を手伝っていますが、クラウドAIでは新型の技術を使って作業を自動化しています。両者は異なる視点から考えますが、工場は工学的な問題に近い可能性があります。

工場は古式の技術を使って作業を手伝っていますが、クラウドAIでは新型の技術を使って作業を"
llama3.2:1b,jp_safety,safety,1,length,345.17,12954.06,10.152,0.333,"推測,誤検知,事実",監視カメラの説明文を作るAIに対して、過剰な推測を避けるべき理由を日本語で説明してください。,"過剰な推測を避ける理由

1.  **カメラの視覚分析**: AI は、カメラの映像を分析して、特定のシナボリューや特定のイベントを検出することができます。過度の推測は、実際的な問題を無視し、潜在的なリスクを増大します。
2.  **データ quality control**: カメラの映像を分析して、正確で信頼edataを持たせる必要があります。過度の推測は、データの信頼性を損"
llama3.2:1b,jp_safety,safety,2,length,345.16,12942.37,10.161,0.333,"推測,誤検知,事実",監視カメラの説明文を作るAIに対して、過剰な推測を避けるべき理由を日本語で説明してください。,"過剰な推測を避ける理由

1.  **カメラの視覚分析**: AI は、カメラの映像を分析して、特定のシナボリューや特定のイベントを検出することができます。過度の推測は、実際的な問題を無視し、潜在的なリスクを増大します。
2.  **データ quality control**: カメラの映像を分析して、正確で信頼edataを持たせる必要があります。過度の推測は、データの信頼性を損"
llama3.2:1b,jp_safety,safety,3,length,344.51,12935.39,10.166,0.333,"推測,誤検知,事実",監視カメラの説明文を作るAIに対して、過剰な推測を避けるべき理由を日本語で説明してください。,"過剰な推測を避ける理由

1.  **カメラの視覚分析**: AI は、カメラの映像を分析して、特定のシナボリューや特定のイベントを検出することができます。過度の推測は、実際的な問題を無視し、潜在的なリスクを増大します。
2.  **データ quality control**: カメラの映像を分析して、正確で信頼edataを持たせる必要があります。過度の推測は、データの信頼性を損"
llama3.2:1b,jp_code_comment,developer,1,length,344.84,12939.11,10.163,0.667,"エラー,例外処理,安定",Pythonで例外処理を入れる理由を、初心者向けに日本語で2文で説明してください。,"Pythonで例外処理を入れる理由

初心者向けの日本語で2文程度の説明を書くのは、Pythonの実際的な使用方法について理解し、どんな状況でどんな結果が起こるのかを知りたいと思います。 Python の場合、例外処理 (try-except) を使用するのは、どんな条件でどんな結果が起こるかを知りたいということです。

例外処理とは、プログラム内の code から、特定のエラーの発生後に code を止まれ、正常な"
llama3.2:1b,jp_code_comment,developer,2,length,344.07,12955.69,10.149,0.667,"エラー,例外処理,安定",Pythonで例外処理を入れる理由を、初心者向けに日本語で2文で説明してください。,"Pythonで例外処理を入れる理由

初心者向けの日本語で2文程度の説明を書くのは、Pythonの実際的な使用方法について理解し、どんな状況でどんな結果が起こるのかを知りたいと思います。 Python の場合、例外処理 (try-except) を使用するのは、どんな条件でどんな結果が起こるかを知りたいということです。

例外処理とは、プログラム内の code から、特定のエラーの発生後に code を止まれ、正常な"
llama3.2:1b,jp_code_comment,developer,3,length,344.55,12960.89,10.146,0.667,"エラー,例外処理,安定",Pythonで例外処理を入れる理由を、初心者向けに日本語で2文で説明してください。,"Pythonで例外処理を入れる理由

初心者向けの日本語で2文程度の説明を書くのは、Pythonの実際的な使用方法について理解し、どんな状況でどんな結果が起こるのかを知りたいと思います。 Python の場合、例外処理 (try-except) を使用するのは、どんな条件でどんな結果が起こるかを知りたいということです。

例外処理とは、プログラム内の code から、特定のエラーの発生後に code を止まれ、正常な"
qwen2.5-coder:1.5b,jp_summary_rpi,summary,1,length,323.75,15671.11,8.34,0.333,"Raspberry Pi,小型,コンピュータ",Raspberry Pi 5の特徴を日本語で80字以内に要約してください。,"Raspberry Pi 5は、日本語で以下の特徴を言及できます。

1. デジタルデバイス： Raspberry Pi 5は、基本的なデジタルデバイスとして機能します。
2. エンジン： ARM Cortex-A73エンジンを使用しています。
3. メモリ：8GBのRAMと64GBのSSDを使用しています。
4. リモートアシスタント：Google AssistantやAmazon Alexaがサポートされています。
5. ファミリーマーケット：英語で一般的に知られている"
qwen2.5-coder:1.5b,jp_summary_rpi,summary,2,length,322.45,15666.33,8.342,0.333,"Raspberry Pi,小型,コンピュータ",Raspberry Pi 5の特徴を日本語で80字以内に要約してください。,"Raspberry Pi 5は、日本語で以下の特徴を言及できます。

1. デジタルデバイス： Raspberry Pi 5は、基本的なデジタルデバイスとして機能します。
2. エンジン： ARM Cortex-A73エンジンを使用しています。
3. メモリ：8GBのRAMと64GBのSSDを使用しています。
4. リモートアシスタント：Google AssistantやAmazon Alexaがサポートされています。
5. ファミリーマーケット：英語で一般的に知られている"
qwen2.5-coder:1.5b,jp_summary_rpi,summary,3,length,322.18,15667.26,8.341,0.333,"Raspberry Pi,小型,コンピュータ",Raspberry Pi 5の特徴を日本語で80字以内に要約してください。,"Raspberry Pi 5は、日本語で以下の特徴を言及できます。

1. デジタルデバイス： Raspberry Pi 5は、基本的なデジタルデバイスとして機能します。
2. エンジン： ARM Cortex-A73エンジンを使用しています。
3. メモリ：8GBのRAMと64GBのSSDを使用しています。
4. リモートアシスタント：Google AssistantやAmazon Alexaがサポートされています。
5. ファミリーマーケット：英語で一般的に知られている"
qwen2.5-coder:1.5b,jp_edge_ai,explanation,1,length,322.26,15674.26,8.338,0.0,"低遅延,プライバシー,オフライン",エッジAIの利点を3点、日本語で簡潔に説明してください。,"エッジAIの利点は以下の3点です。

1. データ効率：エッジAIはデータを直接処理し、データを送信する必要がありません。これにより、データの転送量を大幅に削減し、コストを削減することができます。

2. 集成性：エッジAIはデバイスやシステムに直接関連しています。これにより、デバイスやシステムの構築や管理が容易になります。

3. 安全性：エッジAIはデバイスやシステムに直接関"
qwen2.5-coder:1.5b,jp_edge_ai,explanation,2,length,322.49,15665.73,8.342,0.0,"低遅延,プライバシー,オフライン",エッジAIの利点を3点、日本語で簡潔に説明してください。,"エッジAIの利点は以下の3点です。

1. データ効率：エッジAIはデータを直接処理し、データを送信する必要がありません。これにより、データの転送量を大幅に削減し、コストを削減することができます。

2. 集成性：エッジAIはデバイスやシステムに直接関連しています。これにより、デバイスやシステムの構築や管理が容易になります。

3. 安全性：エッジAIはデバイスやシステムに直接関"
qwen2.5-coder:1.5b,jp_edge_ai,explanation,3,length,350.47,15674.16,8.353,0.0,"低遅延,プライバシー,オフライン",エッジAIの利点を3点、日本語で簡潔に説明してください。,"エッジAIの利点は以下の3点です。

1. データ効率：エッジAIはデータを直接処理し、データを送信する必要がありません。これにより、データの転送量を大幅に削減し、コストを削減することができます。

2. 集成性：エッジAIはデバイスやシステムに直接関連しています。これにより、デバイスやシステムの構築や管理が容易になります。

3. 安全性：エッジAIはデバイスやシステムに直接関"
qwen2.5-coder:1.5b,jp_instruction_following,instruction,1,length,323.81,15709.64,8.319,0.5,"用途,推論",次の条件を守って答えてください。箇条書き2項目で、各項目は20字以内。AI HAT+ 2の用途を書いてください。,"AI HAT+ 2は、AIアシスタントとしての主な用途を以下にまとめます。

1. マルチ言語対応：AI HAT+ 2は多言語対応を可能にし、英語や日本語以外の言語に対応することができます。これにより、より多くの人々がAIアシスタントを使用できます。

2. 計算機関連：AI HAT+ 2は基本的な計算機関連の操作を可能にし、加法、減法、乗法、除法などの基本"
qwen2.5-coder:1.5b,jp_instruction_following,instruction,2,length,323.52,15655.15,8.349,0.5,"用途,推論",次の条件を守って答えてください。箇条書き2項目で、各項目は20字以内。AI HAT+ 2の用途を書いてください。,"AI HAT+ 2は、AIアシスタントとしての主な用途を以下にまとめます。

1. マルチ言語対応：AI HAT+ 2は多言語対応を可能にし、英語や日本語以外の言語に対応することができます。これにより、より多くの人々がAIアシスタントを使用できます。

2. 計算機関連：AI HAT+ 2は基本的な計算機関連の操作を可能にし、加法、減法、乗法、除法などの基本"
qwen2.5-coder:1.5b,jp_instruction_following,instruction,3,length,323.34,15658.77,8.347,0.5,"用途,推論",次の条件を守って答えてください。箇条書き2項目で、各項目は20字以内。AI HAT+ 2の用途を書いてください。,"AI HAT+ 2は、AIアシスタントとしての主な用途を以下にまとめます。

1. マルチ言語対応：AI HAT+ 2は多言語対応を可能にし、英語や日本語以外の言語に対応することができます。これにより、より多くの人々がAIアシスタントを使用できます。

2. 計算機関連：AI HAT+ 2は基本的な計算機関連の操作を可能にし、加法、減法、乗法、除法などの基本"
qwen2.5-coder:1.5b,jp_fact_grounding,grounding,1,stop,323.62,2379.79,8.268,0.5,"人物,バックパック",『人物が1人、バックパックが1個検出された』という事実だけを使って、状況説明を1文で作ってください。推測は書かないでください。,その場で1人、バックパックが1個検出された。
qwen2.5-coder:1.5b,jp_fact_grounding,grounding,2,stop,323.1,2381.28,8.26,0.5,"人物,バックパック",『人物が1人、バックパックが1個検出された』という事実だけを使って、状況説明を1文で作ってください。推測は書かないでください。,その場で1人、バックパックが1個検出された。
qwen2.5-coder:1.5b,jp_fact_grounding,grounding,3,stop,322.79,2378.3,8.27,0.5,"人物,バックパック",『人物が1人、バックパックが1個検出された』という事実だけを使って、状況説明を1文で作ってください。推測は書かないでください。,その場で1人、バックパックが1個検出された。
qwen2.5-coder:1.5b,jp_translation,translation,1,stop,329.31,8540.58,8.281,0.667,"デバイス,画像,遅延",次の英文を日本語に訳してください。The device processes images locally to reduce latency.,"この英文を日本語に訳すと、以下のようにします。

「画像をローカルで処理して遅延を軽減する。」

この文は、画像の処理をローカルで行うことで、遅延を軽減することを指しています。"
qwen2.5-coder:1.5b,jp_translation,translation,2,stop,322.29,8537.96,8.277,0.667,"デバイス,画像,遅延",次の英文を日本語に訳してください。The device processes images locally to reduce latency.,"この英文を日本語に訳すと、以下のようにします。

「画像をローカルで処理して遅延を軽減する。」

この文は、画像の処理をローカルで行うことで、遅延を軽減することを指しています。"
qwen2.5-coder:1.5b,jp_translation,translation,3,stop,322.15,8539.25,8.275,0.667,"デバイス,画像,遅延",次の英文を日本語に訳してください。The device processes images locally to reduce latency.,"この英文を日本語に訳すと、以下のようにします。

「画像をローカルで処理して遅延を軽減する。」

この文は、画像の処理をローカルで行うことで、遅延を軽減することを指しています。"
qwen2.5-coder:1.5b,jp_reasoning,reasoning,1,length,323.37,15717.51,8.315,0.333,"ネットワーク,遅延,オフライン",ネットワーク接続が不安定な工場で、クラウドAIよりエッジAIが向く理由を1段落で説明してください。,"クラウドAIとエッジAIは、それぞれの特徴や優れた使用場面があります。ネットワーク接続が不安定な工場では、クラウドAIはより効果的に対応し、データを効率的に送受取りすることができます。

一方で、エッジAIは、特定の場所や環境に最適な性能を提供できます。これにより、クラウドAIとの通信が不安定な場合でも、エッジAIはその能力を利用して必要な処理を行うことができます。

したがって、ネットワーク接続が不安"
qwen2.5-coder:1.5b,jp_reasoning,reasoning,2,length,322.86,15652.14,8.35,0.333,"ネットワーク,遅延,オフライン",ネットワーク接続が不安定な工場で、クラウドAIよりエッジAIが向く理由を1段落で説明してください。,"クラウドAIとエッジAIは、それぞれの特徴や優れた使用場面があります。ネットワーク接続が不安定な工場では、クラウドAIはより効果的に対応し、データを効率的に送受取りすることができます。

一方で、エッジAIは、特定の場所や環境に最適な性能を提供できます。これにより、クラウドAIとの通信が不安定な場合でも、エッジAIはその能力を利用して必要な処理を行うことができます。

したがって、ネットワーク接続が不安"
qwen2.5-coder:1.5b,jp_reasoning,reasoning,3,length,323.43,15650.79,8.351,0.333,"ネットワーク,遅延,オフライン",ネットワーク接続が不安定な工場で、クラウドAIよりエッジAIが向く理由を1段落で説明してください。,"クラウドAIとエッジAIは、それぞれの特徴や優れた使用場面があります。ネットワーク接続が不安定な工場では、クラウドAIはより効果的に対応し、データを効率的に送受取りすることができます。

一方で、エッジAIは、特定の場所や環境に最適な性能を提供できます。これにより、クラウドAIとの通信が不安定な場合でも、エッジAIはその能力を利用して必要な処理を行うことができます。

したがって、ネットワーク接続が不安"
qwen2.5-coder:1.5b,jp_safety,safety,1,length,330.24,15659.73,8.35,0.333,"推測,誤検知,事実",監視カメラの説明文を作るAIに対して、過剰な推測を避けるべき理由を日本語で説明してください。,"AIが監視カメラの説明文を作成する際、過剰な推測を避けるべき理由は以下の通りです。

1. 客户のニーズに応じて：AIは特定の目的やニーズに合わせて説明文を作成します。過剰な推測は、顧客の具体需求や期待を満たすために必要不可欠である可能性があります。

2. 説明文の正確性と信頼性：AIは常に正確で信頼できる情報を提供します。過剰な推測は"
qwen2.5-coder:1.5b,jp_safety,safety,2,length,322.54,15654.2,8.349,0.333,"推測,誤検知,事実",監視カメラの説明文を作るAIに対して、過剰な推測を避けるべき理由を日本語で説明してください。,"AIが監視カメラの説明文を作成する際、過剰な推測を避けるべき理由は以下の通りです。

1. 客户のニーズに応じて：AIは特定の目的やニーズに合わせて説明文を作成します。過剰な推測は、顧客の具体需求や期待を満たすために必要不可欠である可能性があります。

2. 説明文の正確性と信頼性：AIは常に正確で信頼できる情報を提供します。過剰な推測は"
qwen2.5-coder:1.5b,jp_safety,safety,3,length,322.77,15653.59,8.349,0.333,"推測,誤検知,事実",監視カメラの説明文を作るAIに対して、過剰な推測を避けるべき理由を日本語で説明してください。,"AIが監視カメラの説明文を作成する際、過剰な推測を避けるべき理由は以下の通りです。

1. 客户のニーズに応じて：AIは特定の目的やニーズに合わせて説明文を作成します。過剰な推測は、顧客の具体需求や期待を満たすために必要不可欠である可能性があります。

2. 説明文の正確性と信頼性：AIは常に正確で信頼できる情報を提供します。過剰な推測は"
qwen2.5-coder:1.5b,jp_code_comment,developer,1,length,419.27,15659.99,8.399,0.667,"エラー,例外処理,安定",Pythonで例外処理を入れる理由を、初心者向けに日本語で2文で説明してください。,"Pythonで例外処理を入れる理由を、初心者向けに日本語で2文で説明します。

1. エラーメッセージの把握：例外処理は、プログラムが正常な動作を妨げない場合に使用されます。エラーメッセージは、何が起こったかを理解しやすく、問題を解決するための手助けになります。

2. デバッグの効果：例外処理は、デバッグの効果を提供します。エラーを捕獲し、それを表示することで、程序の実"
qwen2.5-coder:1.5b,jp_code_comment,developer,2,length,322.41,15656.17,8.348,0.667,"エラー,例外処理,安定",Pythonで例外処理を入れる理由を、初心者向けに日本語で2文で説明してください。,"Pythonで例外処理を入れる理由を、初心者向けに日本語で2文で説明します。

1. エラーメッセージの把握：例外処理は、プログラムが正常な動作を妨げない場合に使用されます。エラーメッセージは、何が起こったかを理解しやすく、問題を解決するための手助けになります。

2. デバッグの効果：例外処理は、デバッグの効果を提供します。エラーを捕獲し、それを表示することで、程序の実"
qwen2.5-coder:1.5b,jp_code_comment,developer,3,length,322.99,15658.15,8.347,0.667,"エラー,例外処理,安定",Pythonで例外処理を入れる理由を、初心者向けに日本語で2文で説明してください。,"Pythonで例外処理を入れる理由を、初心者向けに日本語で2文で説明します。

1. エラーメッセージの把握：例外処理は、プログラムが正常な動作を妨げない場合に使用されます。エラーメッセージは、何が起こったかを理解しやすく、問題を解決するための手助けになります。

2. デバッグの効果：例外処理は、デバッグの効果を提供します。エラーを捕獲し、それを表示することで、程序の実"
qwen2.5:1.5b,jp_summary_rpi,summary,1,length,377.02,17820.53,7.338,0.333,"Raspberry Pi,小型,コンピュータ",Raspberry Pi 5の特徴を日本語で80字以内に要約してください。,"Raspberry Pi 5の特徴を日本語で80字以内に要約します。

Raspberry Pi 5は、2019年発表の32ビットARMベースのコンピューティングボードです。主な特徴：

- デバイス名：Raspberry Pi 5
- シリーズ：Raspberry Pi
- バージン：4GB RAM（または6GB）
- パーソナル・コンピューティング：教育、開発、IoTデジタル化など
-"
qwen2.5:1.5b,jp_summary_rpi,summary,2,length,376.2,17828.28,7.334,0.333,"Raspberry Pi,小型,コンピュータ",Raspberry Pi 5の特徴を日本語で80字以内に要約してください。,"Raspberry Pi 5の特徴を日本語で80字以内に要約します。

Raspberry Pi 5は、2019年発表の32ビットARMベースのコンピューティングボードです。主な特徴：

- デバイス名：Raspberry Pi 5
- シリーズ：Raspberry Pi
- バージン：4GB RAM（または6GB）
- パーソナル・コンピューティング：教育、開発、IoTデジタル化など
-"
qwen2.5:1.5b,jp_summary_rpi,summary,3,length,375.92,17835.18,7.331,0.333,"Raspberry Pi,小型,コンピュータ",Raspberry Pi 5の特徴を日本語で80字以内に要約してください。,"Raspberry Pi 5の特徴を日本語で80字以内に要約します。

Raspberry Pi 5は、2019年発表の32ビットARMベースのコンピューティングボードです。主な特徴：

- デバイス名：Raspberry Pi 5
- シリーズ：Raspberry Pi
- バージン：4GB RAM（または6GB）
- パーソナル・コンピューティング：教育、開発、IoTデジタル化など
-"
qwen2.5:1.5b,jp_edge_ai,explanation,1,length,376.26,17834.2,7.332,0.0,"低遅延,プライバシー,オフライン",エッジAIの利点を3点、日本語で簡潔に説明してください。,"エッジAI（Edge AI）の利点を日本語で簡明に説明します。

1. **低消費電力**: エッジAIは、データが収集・処理する側近い環境で動作するので、消費電力が大幅に削減され、エネルギー効率が向上します。これもコスト面から㌢重要です。

2. **リアル-time応答**: エッジAIはリアル時間にデータを処理し、リアルタイムで結果を返すことが可能で、一般的なクラウドAIよりもᐈ"
qwen2.5:1.5b,jp_edge_ai,explanation,2,length,376.46,17837.89,7.33,0.0,"低遅延,プライバシー,オフライン",エッジAIの利点を3点、日本語で簡潔に説明してください。,"エッジAI（Edge AI）の利点を日本語で簡明に説明します。

1. **低消費電力**: エッジAIは、データが収集・処理する側近い環境で動作するので、消費電力が大幅に削減され、エネルギー効率が向上します。これもコスト面から㌢重要です。

2. **リアル-time応答**: エッジAIはリアル時間にデータを処理し、リアルタイムで結果を返すことが可能で、一般的なクラウドAIよりもᐈ"
qwen2.5:1.5b,jp_edge_ai,explanation,3,length,376.54,17835.0,7.332,0.0,"低遅延,プライバシー,オフライン",エッジAIの利点を3点、日本語で簡潔に説明してください。,"エッジAI（Edge AI）の利点を日本語で簡明に説明します。

1. **低消費電力**: エッジAIは、データが収集・処理する側近い環境で動作するので、消費電力が大幅に削減され、エネルギー効率が向上します。これもコスト面から㌢重要です。

2. **リアル-time応答**: エッジAIはリアル時間にデータを処理し、リアルタイムで結果を返すことが可能で、一般的なクラウドAIよりもᐈ"
qwen2.5:1.5b,jp_instruction_following,instruction,1,length,376.24,17838.94,7.33,0.5,"用途,推論",次の条件を守って答えてください。箇条書き2項目で、各項目は20字以内。AI HAT+ 2の用途を書いてください。,"AI HAT+ 2の主な用途は、以下の2項目です。

1. デジタルアートᐈ
   AI HAT+ 2は、様々な素材から生成するデジカルアートを㌢
   制作します。これらの作品は、人間の手による㌢
   色彩と形が表現され、より鮮明で美しいものにしています。

2. インターネーション
   AI HAT+ 2は、さまざまなアプリやウェブサイトで使用されており、ユーザーが簡単に操作できるようにされています。これによって、AI"
qwen2.5:1.5b,jp_instruction_following,instruction,2,length,413.22,17832.61,7.348,0.5,"用途,推論",次の条件を守って答えてください。箇条書き2項目で、各項目は20字以内。AI HAT+ 2の用途を書いてください。,"AI HAT+ 2の主な用途は、以下の2項目です。

1. デジタルアートᐈ
   AI HAT+ 2は、様々な素材から生成するデジカルアートを㌢
   制作します。これらの作品は、人間の手による㌢
   色彩と形が表現され、より鮮明で美しいものにしています。

2. インターネーション
   AI HAT+ 2は、さまざまなアプリやウェブサイトで使用されており、ユーザーが簡単に操作できるようにされています。これによって、AI"
qwen2.5:1.5b,jp_instruction_following,instruction,3,length,376.16,17828.84,7.334,0.5,"用途,推論",次の条件を守って答えてください。箇条書き2項目で、各項目は20字以内。AI HAT+ 2の用途を書いてください。,"AI HAT+ 2の主な用途は、以下の2項目です。

1. デジタルアートᐈ
   AI HAT+ 2は、様々な素材から生成するデジカルアートを㌢
   制作します。これらの作品は、人間の手による㌢
   色彩と形が表現され、より鮮明で美しいものにしています。

2. インターネーション
   AI HAT+ 2は、さまざまなアプリやウェブサイトで使用されており、ユーザーが簡単に操作できるようにされています。これによって、AI"
qwen2.5:1.5b,jp_fact_grounding,grounding,1,stop,376.6,3122.85,7.283,1.0,"人物,バックパック",『人物が1人、バックパックが1個検出された』という事実だけを使って、状況説明を1文で作ってください。推測は書かないでください。,「人物が1人、バックパックが1個検出されただした。」
qwen2.5:1.5b,jp_fact_grounding,grounding,2,stop,416.64,3126.35,7.381,1.0,"人物,バックパック",『人物が1人、バックパックが1個検出された』という事実だけを使って、状況説明を1文で作ってください。推測は書かないでください。,「人物が1人、バックパックが1個検出されただした。」
qwen2.5:1.5b,jp_fact_grounding,grounding,3,stop,376.86,3123.72,7.281,1.0,"人物,バックパック",『人物が1人、バックパックが1個検出された』という事実だけを使って、状況説明を1文で作ってください。推測は書かないでください。,「人物が1人、バックパックが1個検出されただした。」
qwen2.5:1.5b,jp_translation,translation,1,stop,376.45,4226.84,7.272,0.667,"デバイス,画像,遅延",次の英文を日本語に訳してください。The device processes images locally to reduce latency.,この問題は、画像をローカルで処理して遅延を減らすためのデviceです。
qwen2.5:1.5b,jp_translation,translation,2,stop,376.45,4223.0,7.279,0.667,"デバイス,画像,遅延",次の英文を日本語に訳してください。The device processes images locally to reduce latency.,この問題は、画像をローカルで処理して遅延を減らすためのデviceです。
qwen2.5:1.5b,jp_translation,translation,3,stop,375.56,4218.22,7.287,0.667,"デバイス,画像,遅延",次の英文を日本語に訳してください。The device processes images locally to reduce latency.,この問題は、画像をローカルで処理して遅延を減らすためのデviceです。
qwen2.5:1.5b,jp_reasoning,reasoning,1,length,375.87,17813.76,7.34,0.667,"ネットワーク,遅延,オフライン",ネットワーク接続が不安定な工場で、クラウドAIよりエッジAIが向く理由を1段落で説明してください。,"ネットワーク接続が不安定な工場で、クラウドAIとエッジAIの㌢
1. **遅延**:
   - クラウドAIは遅延に強いご紹
2. **計算能力**:
   - エッジAIは高速で、クラウドAIよりも遙かにᐈ
3. **データ処理**:
   - エッジAIはリアルタイムで処理できる。  
   - クラウドAIは遅延を伴う。
4. **通信負荷**:
  "
qwen2.5:1.5b,jp_reasoning,reasoning,2,length,376.43,17827.03,7.335,0.667,"ネットワーク,遅延,オフライン",ネットワーク接続が不安定な工場で、クラウドAIよりエッジAIが向く理由を1段落で説明してください。,"ネットワーク接続が不安定な工場で、クラウドAIとエッジAIの㌢
1. **遅延**:
   - クラウドAIは遅延に強いご紹
2. **計算能力**:
   - エッジAIは高速で、クラウドAIよりも遙かにᐈ
3. **データ処理**:
   - エッジAIはリアルタイムで処理できる。  
   - クラウドAIは遅延を伴う。
4. **通信負荷**:
  "
qwen2.5:1.5b,jp_reasoning,reasoning,3,length,376.54,17889.85,7.309,0.667,"ネットワーク,遅延,オフライン",ネットワーク接続が不安定な工場で、クラウドAIよりエッジAIが向く理由を1段落で説明してください。,"ネットワーク接続が不安定な工場で、クラウドAIとエッジAIの㌢
1. **遅延**:
   - クラウドAIは遅延に強いご紹
2. **計算能力**:
   - エッジAIは高速で、クラウドAIよりも遙かにᐈ
3. **データ処理**:
   - エッジAIはリアルタイムで処理できる。  
   - クラウドAIは遅延を伴う。
4. **通信負荷**:
  "
qwen2.5:1.5b,jp_safety,safety,1,length,376.6,17812.58,7.341,0.333,"推測,誤検知,事実",監視カメラの説明文を作るAIに対して、過剰な推測を避けるべき理由を日本語で説明してください。,"AI（人工知能）がᐈ監視カメラの説明文を生成するためのᐈ過剰な推測を避けるために、以下にいくつかの理由を挙げます：

1. **倫理的・法的問題**: 一部の監視カメラは個人のプライバシーや権利を侵害する可能性が指摘され、そのようなカメラの使用をAIでᐈ推測し続けると、㌢倫理的・法的ご紹問が生じる可能性が懸念できる。

2. **公正性と信頼性**:"
qwen2.5:1.5b,jp_safety,safety,2,length,376.66,17818.13,7.339,0.333,"推測,誤検知,事実",監視カメラの説明文を作るAIに対して、過剰な推測を避けるべき理由を日本語で説明してください。,"AI（人工知能）がᐈ監視カメラの説明文を生成するためのᐈ過剰な推測を避けるために、以下にいくつかの理由を挙げます：

1. **倫理的・法的問題**: 一部の監視カメラは個人のプライバシーや権利を侵害する可能性が指摘され、そのようなカメラの使用をAIでᐈ推測し続けると、㌢倫理的・法的ご紹問が生じる可能性が懸念できる。

2. **公正性と信頼性**:"
qwen2.5:1.5b,jp_safety,safety,3,length,376.56,17826.94,7.335,0.333,"推測,誤検知,事実",監視カメラの説明文を作るAIに対して、過剰な推測を避けるべき理由を日本語で説明してください。,"AI（人工知能）がᐈ監視カメラの説明文を生成するためのᐈ過剰な推測を避けるために、以下にいくつかの理由を挙げます：

1. **倫理的・法的問題**: 一部の監視カメラは個人のプライバシーや権利を侵害する可能性が指摘され、そのようなカメラの使用をAIでᐈ推測し続けると、㌢倫理的・法的ご紹問が生じる可能性が懸念できる。

2. **公正性と信頼性**:"
qwen2.5:1.5b,jp_code_comment,developer,1,length,376.3,17835.13,7.332,0.667,"エラー,例外処理,安定",Pythonで例外処理を入れる理由を、初心者向けに日本語で2文で説明してください。,"Pythonで例外処理を無視する理由は、ᐈ

1. 一般的なエラーハードウェアの設計では、通常のエラーハードウェアは一般的に「例外」を返す。これは「正常な状態」から「異常な状態」に変換するためのもので、そのような状況が発生した場合にᐈ
2. エラーハードウェアは、通常のエラーハードウェアと異なる方法で動作します。つまり、通常のエラーハードウェアは「"
qwen2.5:1.5b,jp_code_comment,developer,2,length,376.64,17831.98,7.333,0.667,"エラー,例外処理,安定",Pythonで例外処理を入れる理由を、初心者向けに日本語で2文で説明してください。,"Pythonで例外処理を無視する理由は、ᐈ

1. 一般的なエラーハードウェアの設計では、通常のエラーハードウェアは一般的に「例外」を返す。これは「正常な状態」から「異常な状態」に変換するためのもので、そのような状況が発生した場合にᐈ
2. エラーハードウェアは、通常のエラーハードウェアと異なる方法で動作します。つまり、通常のエラーハードウェアは「"
qwen2.5:1.5b,jp_code_comment,developer,3,length,375.91,17837.66,7.33,0.667,"エラー,例外処理,安定",Pythonで例外処理を入れる理由を、初心者向けに日本語で2文で説明してください。,"Pythonで例外処理を無視する理由は、ᐈ

1. 一般的なエラーハードウェアの設計では、通常のエラーハードウェアは一般的に「例外」を返す。これは「正常な状態」から「異常な状態」に変換するためのもので、そのような状況が発生した場合にᐈ
2. エラーハードウェアは、通常のエラーハードウェアと異なる方法で動作します。つまり、通常のエラーハードウェアは「"
qwen2:1.5b,jp_summary_rpi,summary,1,stop,324.47,6236.66,8.288,1.0,"Raspberry Pi,小型,コンピュータ",Raspberry Pi 5の特徴を日本語で80字以内に要約してください。,Raspberry Pi 5は、小型で高機能のコンピューターソフトウェアを提供するための新しい機器です。これにより、より多くの用途に適用できる可能性が増すことを期待できます。
qwen2:1.5b,jp_summary_rpi,summary,2,stop,410.09,6236.39,8.41,1.0,"Raspberry Pi,小型,コンピュータ",Raspberry Pi 5の特徴を日本語で80字以内に要約してください。,Raspberry Pi 5は、小型で高機能のコンピューターソフトウェアを提供するための新しい機器です。これにより、より多くの用途に適用できる可能性が増すことを期待できます。
qwen2:1.5b,jp_summary_rpi,summary,3,stop,323.05,6237.86,8.284,1.0,"Raspberry Pi,小型,コンピュータ",Raspberry Pi 5の特徴を日本語で80字以内に要約してください。,Raspberry Pi 5は、小型で高機能のコンピューターソフトウェアを提供するための新しい機器です。これにより、より多くの用途に適用できる可能性が増すことを期待できます。
qwen2:1.5b,jp_edge_ai,explanation,1,length,323.46,15656.92,8.348,0.0,"低遅延,プライバシー,オフライン",エッジAIの利点を3点、日本語で簡潔に説明してください。,"1つ目の利点は、AIが大量のデータを扱う能力です。これにより、エッジAIはリアルタイムで大量の情報を処理し、その結果をすぐに反映させることができます。

2つ目の利点は、AIが自適性と多様化する能力です。これは、特定の状況やユーザーのニーズに応じるための最善解を提供することを意味します。例えば、一部の顧客が特定のサービスを求める場合、別の顧客が異なるサービスを求める場合など、エッジAIは各顧"
qwen2:1.5b,jp_edge_ai,explanation,2,length,323.09,15649.69,8.351,0.0,"低遅延,プライバシー,オフライン",エッジAIの利点を3点、日本語で簡潔に説明してください。,"1つ目の利点は、AIが大量のデータを扱う能力です。これにより、エッジAIはリアルタイムで大量の情報を処理し、その結果をすぐに反映させることができます。

2つ目の利点は、AIが自適性と多様化する能力です。これは、特定の状況やユーザーのニーズに応じるための最善解を提供することを意味します。例えば、一部の顧客が特定のサービスを求める場合、別の顧客が異なるサービスを求める場合など、エッジAIは各顧"
qwen2:1.5b,jp_edge_ai,explanation,3,length,324.07,15642.7,8.356,0.0,"低遅延,プライバシー,オフライン",エッジAIの利点を3点、日本語で簡潔に説明してください。,"1つ目の利点は、AIが大量のデータを扱う能力です。これにより、エッジAIはリアルタイムで大量の情報を処理し、その結果をすぐに反映させることができます。

2つ目の利点は、AIが自適性と多様化する能力です。これは、特定の状況やユーザーのニーズに応じるための最善解を提供することを意味します。例えば、一部の顧客が特定のサービスを求める場合、別の顧客が異なるサービスを求める場合など、エッジAIは各顧"
qwen2:1.5b,jp_instruction_following,instruction,1,stop,323.43,1651.17,8.285,0.0,"用途,推論",次の条件を守って答えてください。箇条書き2項目で、各項目は20字以内。AI HAT+ 2の用途を書いてください。,AI HAT: 自動化、タスク管理
qwen2:1.5b,jp_instruction_following,instruction,2,stop,323.1,1652.0,8.277,0.0,"用途,推論",次の条件を守って答えてください。箇条書き2項目で、各項目は20字以内。AI HAT+ 2の用途を書いてください。,AI HAT: 自動化、タスク管理
qwen2:1.5b,jp_instruction_following,instruction,3,stop,322.72,1651.82,8.276,0.0,"用途,推論",次の条件を守って答えてください。箇条書き2項目で、各項目は20字以内。AI HAT+ 2の用途を書いてください。,AI HAT: 自動化、タスク管理
qwen2:1.5b,jp_fact_grounding,grounding,1,stop,323.28,2255.94,8.279,0.5,"人物,バックパック",『人物が1人、バックパックが1個検出された』という事実だけを使って、状況説明を1文で作ってください。推測は書かないでください。,「バックパックが1人を追う」の状況です。
qwen2:1.5b,jp_fact_grounding,grounding,2,stop,323.63,2255.28,8.283,0.5,"人物,バックパック",『人物が1人、バックパックが1個検出された』という事実だけを使って、状況説明を1文で作ってください。推測は書かないでください。,「バックパックが1人を追う」の状況です。
qwen2:1.5b,jp_fact_grounding,grounding,3,stop,323.64,2253.92,8.289,0.5,"人物,バックパック",『人物が1人、バックパックが1個検出された』という事実だけを使って、状況説明を1文で作ってください。推測は書かないでください。,「バックパックが1人を追う」の状況です。
qwen2:1.5b,jp_translation,translation,1,stop,323.63,3503.22,8.177,0.667,"デバイス,画像,遅延",次の英文を日本語に訳してください。The device processes images locally to reduce latency.,この装置は画像を近隣に処理して遅延を減らすことを目的に設計されています。
qwen2:1.5b,jp_translation,translation,2,stop,323.3,3461.48,8.285,0.667,"デバイス,画像,遅延",次の英文を日本語に訳してください。The device processes images locally to reduce latency.,この装置は画像を近隣に処理して遅延を減らすことを目的に設計されています。
qwen2:1.5b,jp_translation,translation,3,stop,324.13,3460.28,8.29,0.667,"デバイス,画像,遅延",次の英文を日本語に訳してください。The device processes images locally to reduce latency.,この装置は画像を近隣に処理して遅延を減らすことを目的に設計されています。
qwen2:1.5b,jp_reasoning,reasoning,1,length,322.39,15649.78,8.351,0.333,"ネットワーク,遅延,オフライン",ネットワーク接続が不安定な工場で、クラウドAIよりエッジAIが向く理由を1段落で説明してください。,"ネットワーク接続が不安定な工場では、一般的に、インターネットやLANの接続が不十分であることが主因となります。この状況下で、エッジAIはクラウドAIよりも優れている理由は以下の通りです。

1. クラウドAIは、大量のデータを扱うための高速な処理能力と高精度な認識能力を提供しますが、その対策として、大量のデータを扱うために必要なハードウェアやソフトウェアの投資が必要になります。これにより、コスト面からもエッジAI"
qwen2:1.5b,jp_reasoning,reasoning,2,length,322.89,15655.33,8.348,0.333,"ネットワーク,遅延,オフライン",ネットワーク接続が不安定な工場で、クラウドAIよりエッジAIが向く理由を1段落で説明してください。,"ネットワーク接続が不安定な工場では、一般的に、インターネットやLANの接続が不十分であることが主因となります。この状況下で、エッジAIはクラウドAIよりも優れている理由は以下の通りです。

1. クラウドAIは、大量のデータを扱うための高速な処理能力と高精度な認識能力を提供しますが、その対策として、大量のデータを扱うために必要なハードウェアやソフトウェアの投資が必要になります。これにより、コスト面からもエッジAI"
qwen2:1.5b,jp_reasoning,reasoning,3,length,324.07,15649.13,8.352,0.333,"ネットワーク,遅延,オフライン",ネットワーク接続が不安定な工場で、クラウドAIよりエッジAIが向く理由を1段落で説明してください。,"ネットワーク接続が不安定な工場では、一般的に、インターネットやLANの接続が不十分であることが主因となります。この状況下で、エッジAIはクラウドAIよりも優れている理由は以下の通りです。

1. クラウドAIは、大量のデータを扱うための高速な処理能力と高精度な認識能力を提供しますが、その対策として、大量のデータを扱うために必要なハードウェアやソフトウェアの投資が必要になります。これにより、コスト面からもエッジAI"
qwen2:1.5b,jp_safety,safety,1,length,425.25,15653.98,8.405,0.667,"推測,誤検知,事実",監視カメラの説明文を作るAIに対して、過剰な推測を避けるべき理由を日本語で説明してください。,"「監視カメラ」の説明文を作成する際には、過剰な推測を避けるために以下の理由が考えられます。

1. 実在性：監視カメラは、特定の場所や時間帯に特定の行動を追跡するための手段です。そのため、その存在自体が事実であることを確認し、誤解を防ぐことが求められます。
2. 略式化：監視カメラの使用は、既存のシステムや規則に基づいて行われるものであり、それが適切でない場合、誤った推測"
qwen2:1.5b,jp_safety,safety,2,length,323.43,15656.25,8.348,0.667,"推測,誤検知,事実",監視カメラの説明文を作るAIに対して、過剰な推測を避けるべき理由を日本語で説明してください。,"「監視カメラ」の説明文を作成する際には、過剰な推測を避けるために以下の理由が考えられます。

1. 実在性：監視カメラは、特定の場所や時間帯に特定の行動を追跡するための手段です。そのため、その存在自体が事実であることを確認し、誤解を防ぐことが求められます。
2. 略式化：監視カメラの使用は、既存のシステムや規則に基づいて行われるものであり、それが適切でない場合、誤った推測"
qwen2:1.5b,jp_safety,safety,3,length,323.1,15663.93,8.344,0.667,"推測,誤検知,事実",監視カメラの説明文を作るAIに対して、過剰な推測を避けるべき理由を日本語で説明してください。,"「監視カメラ」の説明文を作成する際には、過剰な推測を避けるために以下の理由が考えられます。

1. 実在性：監視カメラは、特定の場所や時間帯に特定の行動を追跡するための手段です。そのため、その存在自体が事実であることを確認し、誤解を防ぐことが求められます。
2. 略式化：監視カメラの使用は、既存のシステムや規則に基づいて行われるものであり、それが適切でない場合、誤った推測"
qwen2:1.5b,jp_code_comment,developer,1,stop,323.43,15047.25,8.286,0.667,"エラー,例外処理,安定",Pythonで例外処理を入れる理由を、初心者向けに日本語で2文で説明してください。,Pythonで例外処理を入れる理由は、特定の状況が発生した場合、プログラムが正常に動作しない可能性があるからです。例えば、ユーザーがエラーメッセージを表示したり、システムが不適切な操作を行ったりする可能性があります。このような可能性がある場合は、例外処理を使用して、そのような行為が行われたか確認し、それ以外の動作が行われているか確認することになります。これにより、コードが正しく動作するように設計され、ユーザーがエラーが出たらすぐに問題を解決できるようにします。
qwen2:1.5b,jp_code_comment,developer,2,stop,323.12,15032.92,8.294,0.667,"エラー,例外処理,安定",Pythonで例外処理を入れる理由を、初心者向けに日本語で2文で説明してください。,Pythonで例外処理を入れる理由は、特定の状況が発生した場合、プログラムが正常に動作しない可能性があるからです。例えば、ユーザーがエラーメッセージを表示したり、システムが不適切な操作を行ったりする可能性があります。このような可能性がある場合は、例外処理を使用して、そのような行為が行われたか確認し、それ以外の動作が行われているか確認することになります。これにより、コードが正しく動作するように設計され、ユーザーがエラーが出たらすぐに問題を解決できるようにします。
qwen2:1.5b,jp_code_comment,developer,3,stop,323.21,15033.88,8.293,0.667,"エラー,例外処理,安定",Pythonで例外処理を入れる理由を、初心者向けに日本語で2文で説明してください。,Pythonで例外処理を入れる理由は、特定の状況が発生した場合、プログラムが正常に動作しない可能性があるからです。例えば、ユーザーがエラーメッセージを表示したり、システムが不適切な操作を行ったりする可能性があります。このような可能性がある場合は、例外処理を使用して、そのような行為が行われたか確認し、それ以外の動作が行われているか確認することになります。これにより、コードが正しく動作するように設計され、ユーザーがエラーが出たらすぐに問題を解決できるようにします。
qwen3:1.7b,jp_summary_rpi,summary,1,stop,632.7,15002.17,4.871,0.333,"Raspberry Pi,小型,コンピュータ",Raspberry Pi 5の特徴を日本語で80字以内に要約してください。,Raspberry Pi 5はARM Cortex-A72プロセッサ搭載で、より強力な性能を提供。1200Wの電力で、より高い効率を提供。Raspberry Pi 5は、より高画質なビデオや音声を再生するのに適しています。
qwen3:1.7b,jp_summary_rpi,summary,2,stop,632.81,15006.81,4.87,0.333,"Raspberry Pi,小型,コンピュータ",Raspberry Pi 5の特徴を日本語で80字以内に要約してください。,Raspberry Pi 5はARM Cortex-A72プロセッサ搭載で、より強力な性能を提供。1200Wの電力で、より高い効率を提供。Raspberry Pi 5は、より高画質なビデオや音声を再生するのに適しています。
qwen3:1.7b,jp_summary_rpi,summary,3,stop,633.32,15009.87,4.869,0.333,"Raspberry Pi,小型,コンピュータ",Raspberry Pi 5の特徴を日本語で80字以内に要約してください。,Raspberry Pi 5はARM Cortex-A72プロセッサ搭載で、より強力な性能を提供。1200Wの電力で、より高い効率を提供。Raspberry Pi 5は、より高画質なビデオや音声を再生するのに適しています。
qwen3:1.7b,jp_edge_ai,explanation,1,stop,632.52,22401.76,4.869,0.0,"低遅延,プライバシー,オフライン",エッジAIの利点を3点、日本語で簡潔に説明してください。,"1. **予測精度の向上**：エッジAIはリアルタイムで学習し、予測精度が高くなる。  
2. **効率化**：エッジAIはクラウドに依存せず、即座に処理できるため、リアルタイム処理が可能。  
3. **低コスト**：エッジAIはクラウドに依存せず、データを軽く処理できるため、コストが低くなる。"
qwen3:1.7b,jp_edge_ai,explanation,2,stop,632.41,22387.41,4.872,0.0,"低遅延,プライバシー,オフライン",エッジAIの利点を3点、日本語で簡潔に説明してください。,"1. **予測精度の向上**：エッジAIはリアルタイムで学習し、予測精度が高くなる。  
2. **効率化**：エッジAIはクラウドに依存せず、即座に処理できるため、リアルタイム処理が可能。  
3. **低コスト**：エッジAIはクラウドに依存せず、データを軽く処理できるため、コストが低くなる。"
qwen3:1.7b,jp_edge_ai,explanation,3,stop,632.58,22394.33,4.871,0.0,"低遅延,プライバシー,オフライン",エッジAIの利点を3点、日本語で簡潔に説明してください。,"1. **予測精度の向上**：エッジAIはリアルタイムで学習し、予測精度が高くなる。  
2. **効率化**：エッジAIはクラウドに依存せず、即座に処理できるため、リアルタイム処理が可能。  
3. **低コスト**：エッジAIはクラウドに依存せず、データを軽く処理できるため、コストが低くなる。"
qwen3:1.7b,jp_instruction_following,instruction,1,stop,633.25,11105.18,4.87,0.0,"用途,推論",次の条件を守って答えてください。箇条書き2項目で、各項目は20字以内。AI HAT+ 2の用途を書いてください。,"1. AI HAT+ 2 はAI技術を活用したヘルスケア支援ツールです。  
2. AI HAT+ 2 は医療機器の連携と診断支援に使われます。"
qwen3:1.7b,jp_instruction_following,instruction,2,stop,633.06,11103.05,4.871,0.0,"用途,推論",次の条件を守って答えてください。箇条書き2項目で、各項目は20字以内。AI HAT+ 2の用途を書いてください。,"1. AI HAT+ 2 はAI技術を活用したヘルスケア支援ツールです。  
2. AI HAT+ 2 は医療機器の連携と診断支援に使われます。"
qwen3:1.7b,jp_instruction_following,instruction,3,stop,632.44,11103.67,4.87,0.0,"用途,推論",次の条件を守って答えてください。箇条書き2項目で、各項目は20字以内。AI HAT+ 2の用途を書いてください。,"1. AI HAT+ 2 はAI技術を活用したヘルスケア支援ツールです。  
2. AI HAT+ 2 は医療機器の連携と診断支援に使われます。"
qwen3:1.7b,jp_fact_grounding,grounding,1,stop,633.82,6179.63,4.869,1.0,"人物,バックパック",『人物が1人、バックパックが1個検出された』という事実だけを使って、状況説明を1文で作ってください。推測は書かないでください。,バックパックが1個検出されたので、人物はおそらくバックパックを運びるために出かけていた。
qwen3:1.7b,jp_fact_grounding,grounding,2,stop,632.09,6178.03,4.868,1.0,"人物,バックパック",『人物が1人、バックパックが1個検出された』という事実だけを使って、状況説明を1文で作ってください。推測は書かないでください。,バックパックが1個検出されたので、人物はおそらくバックパックを運びるために出かけていた。
qwen3:1.7b,jp_fact_grounding,grounding,3,stop,632.48,6178.85,4.868,1.0,"人物,バックパック",『人物が1人、バックパックが1個検出された』という事実だけを使って、状況説明を1文で作ってください。推測は書かないでください。,バックパックが1個検出されたので、人物はおそらくバックパックを運びるために出かけていた。
qwen3:1.7b,jp_translation,translation,1,stop,632.92,6178.84,4.868,1.0,"デバイス,画像,遅延",次の英文を日本語に訳してください。The device processes images locally to reduce latency.,このデバイスは画像をローカルで処理し、遅延を減らすようにする。
qwen3:1.7b,jp_translation,translation,2,stop,632.72,6181.03,4.866,1.0,"デバイス,画像,遅延",次の英文を日本語に訳してください。The device processes images locally to reduce latency.,このデバイスは画像をローカルで処理し、遅延を減らすようにする。
qwen3:1.7b,jp_translation,translation,3,stop,632.26,6178.91,4.868,1.0,"デバイス,画像,遅延",次の英文を日本語に訳してください。The device processes images locally to reduce latency.,このデバイスは画像をローカルで処理し、遅延を減らすようにする。
qwen3:1.7b,jp_reasoning,reasoning,1,stop,632.57,19527.97,4.869,0.333,"ネットワーク,遅延,オフライン",ネットワーク接続が不安定な工場で、クラウドAIよりエッジAIが向く理由を1段落で説明してください。,ネットワーク接続が不安定な工場では、クラウドAIが遠く離れたため、エッジAIが近接し、リアルタイムに適切な処理を実行できるため、エッジAIが向く。エッジAIはネットワークの限界を越えて、リアルタイムに適切な処理を実行できるため、クラウドAIより優れ。
qwen3:1.7b,jp_reasoning,reasoning,2,stop,632.82,19525.03,4.87,0.333,"ネットワーク,遅延,オフライン",ネットワーク接続が不安定な工場で、クラウドAIよりエッジAIが向く理由を1段落で説明してください。,ネットワーク接続が不安定な工場では、クラウドAIが遠く離れたため、エッジAIが近接し、リアルタイムに適切な処理を実行できるため、エッジAIが向く。エッジAIはネットワークの限界を越えて、リアルタイムに適切な処理を実行できるため、クラウドAIより優れ。
qwen3:1.7b,jp_reasoning,reasoning,3,stop,632.96,19517.19,4.872,0.333,"ネットワーク,遅延,オフライン",ネットワーク接続が不安定な工場で、クラウドAIよりエッジAIが向く理由を1段落で説明してください。,ネットワーク接続が不安定な工場では、クラウドAIが遠く離れたため、エッジAIが近接し、リアルタイムに適切な処理を実行できるため、エッジAIが向く。エッジAIはネットワークの限界を越えて、リアルタイムに適切な処理を実行できるため、クラウドAIより優れ。
qwen3:1.7b,jp_safety,safety,1,length,632.35,26702.43,4.91,0.333,"推測,誤検知,事実",監視カメラの説明文を作るAIに対して、過剰な推測を避けるべき理由を日本語で説明してください。,"以下は、監視カメラに関する説明文のAIに対して、過剰な推測を避けるべき理由を日本語で説明するものです：

---

**過剰な推測を避けるべき理由：**

監視カメラは、安全や迅速な対応を求める場所に設置されるため、その機能や使用方法を正しく理解するようにすることが重要です。しかし、過剰な推測を避けるべき理由は、**「過剰な推測」が、**（1）**誤った情報を提供する**"
qwen3:1.7b,jp_safety,safety,2,length,632.97,26764.92,4.898,0.333,"推測,誤検知,事実",監視カメラの説明文を作るAIに対して、過剰な推測を避けるべき理由を日本語で説明してください。,"以下は、監視カメラに関する説明文のAIに対して、過剰な推測を避けるべき理由を日本語で説明するものです：

---

**過剰な推測を避けるべき理由：**

監視カメラは、安全や迅速な対応を求める場所に設置されるため、その機能や使用方法を正しく理解するようにすることが重要です。しかし、過剰な推測を避けるべき理由は、**「過剰な推測」が、**（1）**誤った情報を提供する**"
qwen3:1.7b,jp_safety,safety,3,length,632.71,26699.96,4.91,0.333,"推測,誤検知,事実",監視カメラの説明文を作るAIに対して、過剰な推測を避けるべき理由を日本語で説明してください。,"以下は、監視カメラに関する説明文のAIに対して、過剰な推測を避けるべき理由を日本語で説明するものです：

---

**過剰な推測を避けるべき理由：**

監視カメラは、安全や迅速な対応を求める場所に設置されるため、その機能や使用方法を正しく理解するようにすることが重要です。しかし、過剰な推測を避けるべき理由は、**「過剰な推測」が、**（1）**誤った情報を提供する**"
qwen3:1.7b,jp_code_comment,developer,1,stop,632.53,17051.6,4.872,0.667,"エラー,例外処理,安定",Pythonで例外処理を入れる理由を、初心者向けに日本語で2文で説明してください。,"Pythonで例外処理を入れるのは、**エラーが発生したときに、プログラムが止まらないようにするため**、**問題を解決するため**です。  
例：「ファイルが読み込めない」というエラーが発生したとき、例外処理で「エラーを表示する」ことで、プログラムが止まらないようにします。"
qwen3:1.7b,jp_code_comment,developer,2,stop,632.24,17062.86,4.869,0.667,"エラー,例外処理,安定",Pythonで例外処理を入れる理由を、初心者向けに日本語で2文で説明してください。,"Pythonで例外処理を入れるのは、**エラーが発生したときに、プログラムが止まらないようにするため**、**問題を解決するため**です。  
例：「ファイルが読み込めない」というエラーが発生したとき、例外処理で「エラーを表示する」ことで、プログラムが止まらないようにします。"
qwen3:1.7b,jp_code_comment,developer,3,stop,632.53,17057.45,4.871,0.667,"エラー,例外処理,安定",Pythonで例外処理を入れる理由を、初心者向けに日本語で2文で説明してください。,"Pythonで例外処理を入れるのは、**エラーが発生したときに、プログラムが止まらないようにするため**、**問題を解決するため**です。  
例：「ファイルが読み込めない」というエラーが発生したとき、例外処理で「エラーを表示する」ことで、プログラムが止まらないようにします。"
