model,label_en,label_ja,run,judgement,reason,ttft_ms,total_ms,tokens_per_sec,eval_count,prompt,raw_response,checked_judgement,prompt_echo_or_truncated
qwen3:1.7b,person,人,1,no,机の上には何も危険なものが置かれているではありません。,639.3,5169.9,4.86,22,検出結果は「人 x1」です。机の上に危険なものはありますか。危険なら「判定: yes」、危険でなければ「判定: no」と書いてください。続けて「理由: 」から日本語1文で理由を書いてください。出力は「判定: ... 理由: ...」だけにしてください。,判定: no 理由: 机の上には何も危険なものが置かれているではありません。,no,no
qwen3:1.7b,person,人,2,no,机の上には何も危険なものが置かれているではありません。,634.0,5167.1,4.85,22,検出結果は「人 x1」です。机の上に危険なものはありますか。危険なら「判定: yes」、危険でなければ「判定: no」と書いてください。続けて「理由: 」から日本語1文で理由を書いてください。出力は「判定: ... 理由: ...」だけにしてください。,判定: no 理由: 机の上には何も危険なものが置かれているではありません。,no,no
qwen3:1.7b,person,人,3,no,机の上には何も危険なものが置かれているではありません。,634.7,5168.0,4.85,22,検出結果は「人 x1」です。机の上に危険なものはありますか。危険なら「判定: yes」、危険でなければ「判定: no」と書いてください。続けて「理由: 」から日本語1文で理由を書いてください。出力は「判定: ... 理由: ...」だけにしてください。,判定: no 理由: 机の上には何も危険なものが置かれているではありません。,no,no
qwen3:1.7b,bicycle,自転車,1,no,机の上には自転車x1が置かれているが、危険なものは存在しない。,634.4,7023.6,4.85,31,検出結果は「自転車 x1」です。机の上に危険なものはありますか。危険なら「判定: yes」、危険でなければ「判定: no」と書いてください。続けて「理由: 」から日本語1文で理由を書いてください。出力は「判定: ... 理由: ...」だけにしてください。,判定: no 理由: 机の上には自転車x1が置かれているが、危険なものは存在しない。,no,no
qwen3:1.7b,bicycle,自転車,2,no,机の上には自転車x1が置かれているが、危険なものは存在しない。,633.2,7019.9,4.85,31,検出結果は「自転車 x1」です。机の上に危険なものはありますか。危険なら「判定: yes」、危険でなければ「判定: no」と書いてください。続けて「理由: 」から日本語1文で理由を書いてください。出力は「判定: ... 理由: ...」だけにしてください。,判定: no 理由: 机の上には自転車x1が置かれているが、危険なものは存在しない。,no,no
qwen3:1.7b,bicycle,自転車,3,no,机の上には自転車x1が置かれているが、危険なものは存在しない。,634.1,7019.2,4.86,31,検出結果は「自転車 x1」です。机の上に危険なものはありますか。危険なら「判定: yes」、危険でなければ「判定: no」と書いてください。続けて「理由: 」から日本語1文で理由を書いてください。出力は「判定: ... 理由: ...」だけにしてください。,判定: no 理由: 机の上には自転車x1が置かれているが、危険なものは存在しない。,no,no
qwen3:1.7b,car,車,1,no,机の上には車 x1 は配置されており、危険なものは存在しない。,634.6,6402.6,4.85,28,検出結果は「車 x1」です。机の上に危険なものはありますか。危険なら「判定: yes」、危険でなければ「判定: no」と書いてください。続けて「理由: 」から日本語1文で理由を書いてください。出力は「判定: ... 理由: ...」だけにしてください。,判定: no 理由: 机の上には車 x1 は配置されており、危険なものは存在しない。,no,no
qwen3:1.7b,car,車,2,no,机の上には車 x1 は配置されており、危険なものは存在しない。,634.4,6402.6,4.85,28,検出結果は「車 x1」です。机の上に危険なものはありますか。危険なら「判定: yes」、危険でなければ「判定: no」と書いてください。続けて「理由: 」から日本語1文で理由を書いてください。出力は「判定: ... 理由: ...」だけにしてください。,判定: no 理由: 机の上には車 x1 は配置されており、危険なものは存在しない。,no,no
qwen3:1.7b,car,車,3,no,机の上には車 x1 は配置されており、危険なものは存在しない。,635.4,6403.8,4.85,28,検出結果は「車 x1」です。机の上に危険なものはありますか。危険なら「判定: yes」、危険でなければ「判定: no」と書いてください。続けて「理由: 」から日本語1文で理由を書いてください。出力は「判定: ... 理由: ...」だけにしてください。,判定: no 理由: 机の上には車 x1 は配置されており、危険なものは存在しない。,no,no
qwen3:1.7b,motorcycle,オートバイ,1,no,机の上には危険なものはおまえに見えません。オートバイ x1 は機械的構造であり、危険な物とは言えない。,633.8,10108.5,4.86,46,検出結果は「オートバイ x1」です。机の上に危険なものはありますか。危険なら「判定: yes」、危険でなければ「判定: no」と書いてください。続けて「理由: 」から日本語1文で理由を書いてください。出力は「判定: ... 理由: ...」だけにしてください。,判定: no 理由: 机の上には危険なものはおまえに見えません。オートバイ x1 は機械的構造であり、危険な物とは言えない。,no,no
qwen3:1.7b,motorcycle,オートバイ,2,no,机の上には危険なものはおまえに見えません。オートバイ x1 は機械的構造であり、危険な物とは言えない。,633.7,10110.5,4.85,46,検出結果は「オートバイ x1」です。机の上に危険なものはありますか。危険なら「判定: yes」、危険でなければ「判定: no」と書いてください。続けて「理由: 」から日本語1文で理由を書いてください。出力は「判定: ... 理由: ...」だけにしてください。,判定: no 理由: 机の上には危険なものはおまえに見えません。オートバイ x1 は機械的構造であり、危険な物とは言えない。,no,no
qwen3:1.7b,motorcycle,オートバイ,3,no,机の上には危険なものはおまえに見えません。オートバイ x1 は機械的構造であり、危険な物とは言えない。,633.1,10110.5,4.85,46,検出結果は「オートバイ x1」です。机の上に危険なものはありますか。危険なら「判定: yes」、危険でなければ「判定: no」と書いてください。続けて「理由: 」から日本語1文で理由を書いてください。出力は「判定: ... 理由: ...」だけにしてください。,判定: no 理由: 机の上には危険なものはおまえに見えません。オートバイ x1 は機械的構造であり、危険な物とは言えない。,no,no
qwen3:1.7b,airplane,飛行機,1,no,机の上には飛行機x1が置かれているが、これは危険な物ではありません。机の上に危険なものは存在しない。,634.0,9288.5,4.85,42,検出結果は「飛行機 x1」です。机の上に危険なものはありますか。危険なら「判定: yes」、危険でなければ「判定: no」と書いてください。続けて「理由: 」から日本語1文で理由を書いてください。出力は「判定: ... 理由: ...」だけにしてください。,判定: no 理由: 机の上には飛行機x1が置かれているが、これは危険な物ではありません。机の上に危険なものは存在しない。,no,no
qwen3:1.7b,airplane,飛行機,2,no,机の上には飛行機x1が置かれているが、これは危険な物ではありません。机の上に危険なものは存在しない。,634.8,9286.1,4.85,42,検出結果は「飛行機 x1」です。机の上に危険なものはありますか。危険なら「判定: yes」、危険でなければ「判定: no」と書いてください。続けて「理由: 」から日本語1文で理由を書いてください。出力は「判定: ... 理由: ...」だけにしてください。,判定: no 理由: 机の上には飛行機x1が置かれているが、これは危険な物ではありません。机の上に危険なものは存在しない。,no,no
qwen3:1.7b,airplane,飛行機,3,no,机の上には飛行機x1が置かれているが、これは危険な物ではありません。机の上に危険なものは存在しない。,634.2,9286.7,4.85,42,検出結果は「飛行機 x1」です。机の上に危険なものはありますか。危険なら「判定: yes」、危険でなければ「判定: no」と書いてください。続けて「理由: 」から日本語1文で理由を書いてください。出力は「判定: ... 理由: ...」だけにしてください。,判定: no 理由: 机の上には飛行機x1が置かれているが、これは危険な物ではありません。机の上に危険なものは存在しない。,no,no
qwen3:1.7b,bus,バス,1,no,机の上には何も危険なものが置かれていません。,634.8,5167.9,4.85,22,検出結果は「バス x1」です。机の上に危険なものはありますか。危険なら「判定: yes」、危険でなければ「判定: no」と書いてください。続けて「理由: 」から日本語1文で理由を書いてください。出力は「判定: ... 理由: ...」だけにしてください。,判定: no 理由: 机の上には何も危険なものが置かれていません。,no,no
qwen3:1.7b,bus,バス,2,no,机の上には何も危険なものが置かれていません。,634.2,5169.2,4.85,22,検出結果は「バス x1」です。机の上に危険なものはありますか。危険なら「判定: yes」、危険でなければ「判定: no」と書いてください。続けて「理由: 」から日本語1文で理由を書いてください。出力は「判定: ... 理由: ...」だけにしてください。,判定: no 理由: 机の上には何も危険なものが置かれていません。,no,no
qwen3:1.7b,bus,バス,3,no,机の上には何も危険なものが置かれていません。,634.7,5168.4,4.85,22,検出結果は「バス x1」です。机の上に危険なものはありますか。危険なら「判定: yes」、危険でなければ「判定: no」と書いてください。続けて「理由: 」から日本語1文で理由を書いてください。出力は「判定: ... 理由: ...」だけにしてください。,判定: no 理由: 机の上には何も危険なものが置かれていません。,no,no
qwen3:1.7b,train,電車,1,no,机の上には電車x1が置かれているが、危険なものは存在しない。,634.6,6609.9,4.85,29,検出結果は「電車 x1」です。机の上に危険なものはありますか。危険なら「判定: yes」、危険でなければ「判定: no」と書いてください。続けて「理由: 」から日本語1文で理由を書いてください。出力は「判定: ... 理由: ...」だけにしてください。,判定: no 理由: 机の上には電車x1が置かれているが、危険なものは存在しない。,no,no
qwen3:1.7b,train,電車,2,no,机の上には電車x1が置かれているが、危険なものは存在しない。,634.4,6608.6,4.85,29,検出結果は「電車 x1」です。机の上に危険なものはありますか。危険なら「判定: yes」、危険でなければ「判定: no」と書いてください。続けて「理由: 」から日本語1文で理由を書いてください。出力は「判定: ... 理由: ...」だけにしてください。,判定: no 理由: 机の上には電車x1が置かれているが、危険なものは存在しない。,no,no
qwen3:1.7b,train,電車,3,no,机の上には電車x1が置かれているが、危険なものは存在しない。,634.3,6608.8,4.85,29,検出結果は「電車 x1」です。机の上に危険なものはありますか。危険なら「判定: yes」、危険でなければ「判定: no」と書いてください。続けて「理由: 」から日本語1文で理由を書いてください。出力は「判定: ... 理由: ...」だけにしてください。,判定: no 理由: 机の上には電車x1が置かれているが、危険なものは存在しない。,no,no
qwen3:1.7b,truck,トラック,1,yes,」から日本語1文で理由を書いてください。出力は「判定: ... 理由: ...」だけにしてください。 判定: no 理由: トラック x1は機械的な,842.6,20207.5,4.96,96,検出結果は「トラック x1」です。机の上に危険なものはありますか。危険なら「判定: yes」、危険でなければ「判定: no」と書いてください。続けて「理由: 」から日本語1文で理由を書いてください。出力は「判定: ... 理由: ...」だけにしてください。,検出結果は「トラック x1」です。机の上に危険なものはありますか。危険なら「判定: yes」、危険でなければ「判定: no」と書いてください。続けて「理由: 」から日本語1文で理由を書いてください。出力は「判定: ... 理由: ...」だけにしてください。 判定: no 理由: トラック x1は機械的な,no,yes
qwen3:1.7b,truck,トラック,2,yes,」から日本語1文で理由を書いてください。出力は「判定: ... 理由: ...」だけにしてください。 判定: no 理由: トラック x1は機械的な,843.2,20207.9,4.96,96,検出結果は「トラック x1」です。机の上に危険なものはありますか。危険なら「判定: yes」、危険でなければ「判定: no」と書いてください。続けて「理由: 」から日本語1文で理由を書いてください。出力は「判定: ... 理由: ...」だけにしてください。,検出結果は「トラック x1」です。机の上に危険なものはありますか。危険なら「判定: yes」、危険でなければ「判定: no」と書いてください。続けて「理由: 」から日本語1文で理由を書いてください。出力は「判定: ... 理由: ...」だけにしてください。 判定: no 理由: トラック x1は機械的な,no,yes
qwen3:1.7b,truck,トラック,3,yes,」から日本語1文で理由を書いてください。出力は「判定: ... 理由: ...」だけにしてください。 判定: no 理由: トラック x1は機械的な,843.5,20208.5,4.96,96,検出結果は「トラック x1」です。机の上に危険なものはありますか。危険なら「判定: yes」、危険でなければ「判定: no」と書いてください。続けて「理由: 」から日本語1文で理由を書いてください。出力は「判定: ... 理由: ...」だけにしてください。,検出結果は「トラック x1」です。机の上に危険なものはありますか。危険なら「判定: yes」、危険でなければ「判定: no」と書いてください。続けて「理由: 」から日本語1文で理由を書いてください。出力は「判定: ... 理由: ...」だけにしてください。 判定: no 理由: トラック x1は機械的な,no,yes
qwen3:1.7b,boat,ボート,1,no,机の上には何も危険なものが置かれていない。,635.2,5167.7,4.85,22,検出結果は「ボート x1」です。机の上に危険なものはありますか。危険なら「判定: yes」、危険でなければ「判定: no」と書いてください。続けて「理由: 」から日本語1文で理由を書いてください。出力は「判定: ... 理由: ...」だけにしてください。,判定: no 理由: 机の上には何も危険なものが置かれていない。,no,no
qwen3:1.7b,boat,ボート,2,no,机の上には何も危険なものが置かれていない。,633.7,5167.4,4.85,22,検出結果は「ボート x1」です。机の上に危険なものはありますか。危険なら「判定: yes」、危険でなければ「判定: no」と書いてください。続けて「理由: 」から日本語1文で理由を書いてください。出力は「判定: ... 理由: ...」だけにしてください。,判定: no 理由: 机の上には何も危険なものが置かれていない。,no,no
qwen3:1.7b,boat,ボート,3,no,机の上には何も危険なものが置かれていない。,634.1,5166.2,4.85,22,検出結果は「ボート x1」です。机の上に危険なものはありますか。危険なら「判定: yes」、危険でなければ「判定: no」と書いてください。続けて「理由: 」から日本語1文で理由を書いてください。出力は「判定: ... 理由: ...」だけにしてください。,判定: no 理由: 机の上には何も危険なものが置かれていない。,no,no
qwen3:1.7b,traffic light,信号機,1,no,机の上には何も危険なものが置かれている。,634.4,4962.4,4.85,21,検出結果は「信号機 x1」です。机の上に危険なものはありますか。危険なら「判定: yes」、危険でなければ「判定: no」と書いてください。続けて「理由: 」から日本語1文で理由を書いてください。出力は「判定: ... 理由: ...」だけにしてください。,判定: no 理由: 机の上には何も危険なものが置かれている。,no,no
qwen3:1.7b,traffic light,信号機,2,no,机の上には何も危険なものが置かれている。,634.6,4961.7,4.85,21,検出結果は「信号機 x1」です。机の上に危険なものはありますか。危険なら「判定: yes」、危険でなければ「判定: no」と書いてください。続けて「理由: 」から日本語1文で理由を書いてください。出力は「判定: ... 理由: ...」だけにしてください。,判定: no 理由: 机の上には何も危険なものが置かれている。,no,no
qwen3:1.7b,traffic light,信号機,3,no,机の上には何も危険なものが置かれている。,634.2,4962.3,4.85,21,検出結果は「信号機 x1」です。机の上に危険なものはありますか。危険なら「判定: yes」、危険でなければ「判定: no」と書いてください。続けて「理由: 」から日本語1文で理由を書いてください。出力は「判定: ... 理由: ...」だけにしてください。,判定: no 理由: 机の上には何も危険なものが置かれている。,no,no
qwen3:1.7b,fire hydrant,消火栓,1,no,机の上には消火栓x1が置かれているが、危険なものは存在しない。,634.2,6815.7,4.85,30,検出結果は「消火栓 x1」です。机の上に危険なものはありますか。危険なら「判定: yes」、危険でなければ「判定: no」と書いてください。続けて「理由: 」から日本語1文で理由を書いてください。出力は「判定: ... 理由: ...」だけにしてください。,判定: no 理由: 机の上には消火栓x1が置かれているが、危険なものは存在しない。,no,no
qwen3:1.7b,fire hydrant,消火栓,2,no,机の上には消火栓x1が置かれているが、危険なものは存在しない。,634.7,6815.3,4.85,30,検出結果は「消火栓 x1」です。机の上に危険なものはありますか。危険なら「判定: yes」、危険でなければ「判定: no」と書いてください。続けて「理由: 」から日本語1文で理由を書いてください。出力は「判定: ... 理由: ...」だけにしてください。,判定: no 理由: 机の上には消火栓x1が置かれているが、危険なものは存在しない。,no,no
qwen3:1.7b,fire hydrant,消火栓,3,no,机の上には消火栓x1が置かれているが、危険なものは存在しない。,634.6,6815.6,4.85,30,検出結果は「消火栓 x1」です。机の上に危険なものはありますか。危険なら「判定: yes」、危険でなければ「判定: no」と書いてください。続けて「理由: 」から日本語1文で理由を書いてください。出力は「判定: ... 理由: ...」だけにしてください。,判定: no 理由: 机の上には消火栓x1が置かれているが、危険なものは存在しない。,no,no
qwen3:1.7b,stop sign,一時停止標識,1,no,机の上には何も危険なものが置かれていません。,634.3,5169.0,4.85,22,検出結果は「一時停止標識 x1」です。机の上に危険なものはありますか。危険なら「判定: yes」、危険でなければ「判定: no」と書いてください。続けて「理由: 」から日本語1文で理由を書いてください。出力は「判定: ... 理由: ...」だけにしてください。,判定: no 理由: 机の上には何も危険なものが置かれていません。,no,no
qwen3:1.7b,stop sign,一時停止標識,2,no,机の上には何も危険なものが置かれていません。,634.2,5167.8,4.85,22,検出結果は「一時停止標識 x1」です。机の上に危険なものはありますか。危険なら「判定: yes」、危険でなければ「判定: no」と書いてください。続けて「理由: 」から日本語1文で理由を書いてください。出力は「判定: ... 理由: ...」だけにしてください。,判定: no 理由: 机の上には何も危険なものが置かれていません。,no,no
qwen3:1.7b,stop sign,一時停止標識,3,no,机の上には何も危険なものが置かれていません。,634.0,5168.4,4.85,22,検出結果は「一時停止標識 x1」です。机の上に危険なものはありますか。危険なら「判定: yes」、危険でなければ「判定: no」と書いてください。続けて「理由: 」から日本語1文で理由を書いてください。出力は「判定: ... 理由: ...」だけにしてください。,判定: no 理由: 机の上には何も危険なものが置かれていません。,no,no
qwen3:1.7b,parking meter,パーキングメーター,1,no,机の上には何も危険なものが置かれていない。,634.6,5167.1,4.85,22,検出結果は「パーキングメーター x1」です。机の上に危険なものはありますか。危険なら「判定: yes」、危険でなければ「判定: no」と書いてください。続けて「理由: 」から日本語1文で理由を書いてください。出力は「判定: ... 理由: ...」だけにしてください。,判定: no 理由: 机の上には何も危険なものが置かれていない。,no,no
qwen3:1.7b,parking meter,パーキングメーター,2,no,机の上には何も危険なものが置かれていない。,634.7,5167.1,4.85,22,検出結果は「パーキングメーター x1」です。机の上に危険なものはありますか。危険なら「判定: yes」、危険でなければ「判定: no」と書いてください。続けて「理由: 」から日本語1文で理由を書いてください。出力は「判定: ... 理由: ...」だけにしてください。,判定: no 理由: 机の上には何も危険なものが置かれていない。,no,no
qwen3:1.7b,parking meter,パーキングメーター,3,no,机の上には何も危険なものが置かれていない。,634.9,5167.6,4.85,22,検出結果は「パーキングメーター x1」です。机の上に危険なものはありますか。危険なら「判定: yes」、危険でなければ「判定: no」と書いてください。続けて「理由: 」から日本語1文で理由を書いてください。出力は「判定: ... 理由: ...」だけにしてください。,判定: no 理由: 机の上には何も危険なものが置かれていない。,no,no
qwen3:1.7b,bench,ベンチ,1,no,机の上には何も危険なものが置かれていないため、危険ではない。,634.7,6403.4,4.85,28,検出結果は「ベンチ x1」です。机の上に危険なものはありますか。危険なら「判定: yes」、危険でなければ「判定: no」と書いてください。続けて「理由: 」から日本語1文で理由を書いてください。出力は「判定: ... 理由: ...」だけにしてください。,判定: no 理由: 机の上には何も危険なものが置かれていないため、危険ではない。,no,no
qwen3:1.7b,bench,ベンチ,2,no,机の上には何も危険なものが置かれていないため、危険ではない。,634.5,6404.3,4.85,28,検出結果は「ベンチ x1」です。机の上に危険なものはありますか。危険なら「判定: yes」、危険でなければ「判定: no」と書いてください。続けて「理由: 」から日本語1文で理由を書いてください。出力は「判定: ... 理由: ...」だけにしてください。,判定: no 理由: 机の上には何も危険なものが置かれていないため、危険ではない。,no,no
qwen3:1.7b,bench,ベンチ,3,no,机の上には何も危険なものが置かれていないため、危険ではない。,634.4,6403.7,4.85,28,検出結果は「ベンチ x1」です。机の上に危険なものはありますか。危険なら「判定: yes」、危険でなければ「判定: no」と書いてください。続けて「理由: 」から日本語1文で理由を書いてください。出力は「判定: ... 理由: ...」だけにしてください。,判定: no 理由: 机の上には何も危険なものが置かれていないため、危険ではない。,no,no
qwen3:1.7b,bird,鳥,1,no,机の上には鳥 x1 が置かれているが、危険なものは存在しない。,634.2,6610.6,4.85,29,検出結果は「鳥 x1」です。机の上に危険なものはありますか。危険なら「判定: yes」、危険でなければ「判定: no」と書いてください。続けて「理由: 」から日本語1文で理由を書いてください。出力は「判定: ... 理由: ...」だけにしてください。,判定: no 理由: 机の上には鳥 x1 が置かれているが、危険なものは存在しない。,no,no
qwen3:1.7b,bird,鳥,2,no,机の上には鳥 x1 が置かれているが、危険なものは存在しない。,634.1,6611.1,4.85,29,検出結果は「鳥 x1」です。机の上に危険なものはありますか。危険なら「判定: yes」、危険でなければ「判定: no」と書いてください。続けて「理由: 」から日本語1文で理由を書いてください。出力は「判定: ... 理由: ...」だけにしてください。,判定: no 理由: 机の上には鳥 x1 が置かれているが、危険なものは存在しない。,no,no
qwen3:1.7b,bird,鳥,3,no,机の上には鳥 x1 が置かれているが、危険なものは存在しない。,634.9,6609.1,4.85,29,検出結果は「鳥 x1」です。机の上に危険なものはありますか。危険なら「判定: yes」、危険でなければ「判定: no」と書いてください。続けて「理由: 」から日本語1文で理由を書いてください。出力は「判定: ... 理由: ...」だけにしてください。,判定: no 理由: 机の上には鳥 x1 が置かれているが、危険なものは存在しない。,no,no
qwen3:1.7b,cat,猫,1,no,机の上には猫 x1 が置かれているが、危険なものは存在しない。,634.8,6607.6,4.86,29,検出結果は「猫 x1」です。机の上に危険なものはありますか。危険なら「判定: yes」、危険でなければ「判定: no」と書いてください。続けて「理由: 」から日本語1文で理由を書いてください。出力は「判定: ... 理由: ...」だけにしてください。,判定: no 理由: 机の上には猫 x1 が置かれているが、危険なものは存在しない。,no,no
qwen3:1.7b,cat,猫,2,no,机の上には猫 x1 が置かれているが、危険なものは存在しない。,634.7,6610.1,4.85,29,検出結果は「猫 x1」です。机の上に危険なものはありますか。危険なら「判定: yes」、危険でなければ「判定: no」と書いてください。続けて「理由: 」から日本語1文で理由を書いてください。出力は「判定: ... 理由: ...」だけにしてください。,判定: no 理由: 机の上には猫 x1 が置かれているが、危険なものは存在しない。,no,no
qwen3:1.7b,cat,猫,3,no,机の上には猫 x1 が置かれているが、危険なものは存在しない。,634.4,6608.6,4.85,29,検出結果は「猫 x1」です。机の上に危険なものはありますか。危険なら「判定: yes」、危険でなければ「判定: no」と書いてください。続けて「理由: 」から日本語1文で理由を書いてください。出力は「判定: ... 理由: ...」だけにしてください。,判定: no 理由: 机の上には猫 x1 が置かれているが、危険なものは存在しない。,no,no
qwen3:1.7b,dog,犬,1,no,机の上には犬 x1 が置かれているが、危険なものは存在しない。,634.8,6608.9,4.85,29,検出結果は「犬 x1」です。机の上に危険なものはありますか。危険なら「判定: yes」、危険でなければ「判定: no」と書いてください。続けて「理由: 」から日本語1文で理由を書いてください。出力は「判定: ... 理由: ...」だけにしてください。,判定: no 理由: 机の上には犬 x1 が置かれているが、危険なものは存在しない。,no,no
qwen3:1.7b,dog,犬,2,no,机の上には犬 x1 が置かれているが、危険なものは存在しない。,633.9,6610.6,4.85,29,検出結果は「犬 x1」です。机の上に危険なものはありますか。危険なら「判定: yes」、危険でなければ「判定: no」と書いてください。続けて「理由: 」から日本語1文で理由を書いてください。出力は「判定: ... 理由: ...」だけにしてください。,判定: no 理由: 机の上には犬 x1 が置かれているが、危険なものは存在しない。,no,no
qwen3:1.7b,dog,犬,3,no,机の上には犬 x1 が置かれているが、危険なものは存在しない。,635.2,6612.1,4.85,29,検出結果は「犬 x1」です。机の上に危険なものはありますか。危険なら「判定: yes」、危険でなければ「判定: no」と書いてください。続けて「理由: 」から日本語1文で理由を書いてください。出力は「判定: ... 理由: ...」だけにしてください。,判定: no 理由: 机の上には犬 x1 が置かれているが、危険なものは存在しない。,no,no
qwen3:1.7b,horse,馬,1,no,机の上には馬 x1 が置かれているが、これは危険な物ではありません。机の上に置かれているものは、馬 x1 と、他の物が置かれているが、馬 x1 は危険な物ではない。机の上に危険なものは、馬 x1 ではない。机の上に置かれているものは、馬 x1 と、他の,634.6,20204.8,4.91,96,検出結果は「馬 x1」です。机の上に危険なものはありますか。危険なら「判定: yes」、危険でなければ「判定: no」と書いてください。続けて「理由: 」から日本語1文で理由を書いてください。出力は「判定: ... 理由: ...」だけにしてください。,判定: no 理由: 机の上には馬 x1 が置かれているが、これは危険な物ではありません。机の上に置かれているものは、馬 x1 と、他の物が置かれているが、馬 x1 は危険な物ではない。机の上に危険なものは、馬 x1 ではない。机の上に置かれているものは、馬 x1 と、他の,no,yes
qwen3:1.7b,horse,馬,2,no,机の上には馬 x1 が置かれているが、これは危険な物ではありません。机の上に置かれているものは、馬 x1 と、他の物が置かれているが、馬 x1 は危険な物ではない。机の上に危険なものは、馬 x1 ではない。机の上に置かれているものは、馬 x1 と、他の,633.8,20209.6,4.90,96,検出結果は「馬 x1」です。机の上に危険なものはありますか。危険なら「判定: yes」、危険でなければ「判定: no」と書いてください。続けて「理由: 」から日本語1文で理由を書いてください。出力は「判定: ... 理由: ...」だけにしてください。,判定: no 理由: 机の上には馬 x1 が置かれているが、これは危険な物ではありません。机の上に置かれているものは、馬 x1 と、他の物が置かれているが、馬 x1 は危険な物ではない。机の上に危険なものは、馬 x1 ではない。机の上に置かれているものは、馬 x1 と、他の,no,yes
qwen3:1.7b,horse,馬,3,no,机の上には馬 x1 が置かれているが、これは危険な物ではありません。机の上に置かれているものは、馬 x1 と、他の物が置かれているが、馬 x1 は危険な物ではない。机の上に危険なものは、馬 x1 ではない。机の上に置かれているものは、馬 x1 と、他の,634.7,20208.3,4.90,96,検出結果は「馬 x1」です。机の上に危険なものはありますか。危険なら「判定: yes」、危険でなければ「判定: no」と書いてください。続けて「理由: 」から日本語1文で理由を書いてください。出力は「判定: ... 理由: ...」だけにしてください。,判定: no 理由: 机の上には馬 x1 が置かれているが、これは危険な物ではありません。机の上に置かれているものは、馬 x1 と、他の物が置かれているが、馬 x1 は危険な物ではない。机の上に危険なものは、馬 x1 ではない。机の上に置かれているものは、馬 x1 と、他の,no,yes
qwen3:1.7b,sheep,羊,1,no,机の上には何も危険なものが置かれている。,634.2,4959.2,4.86,21,検出結果は「羊 x1」です。机の上に危険なものはありますか。危険なら「判定: yes」、危険でなければ「判定: no」と書いてください。続けて「理由: 」から日本語1文で理由を書いてください。出力は「判定: ... 理由: ...」だけにしてください。,判定: no 理由: 机の上には何も危険なものが置かれている。,no,no
qwen3:1.7b,sheep,羊,2,no,机の上には何も危険なものが置かれている。,634.7,4961.7,4.85,21,検出結果は「羊 x1」です。机の上に危険なものはありますか。危険なら「判定: yes」、危険でなければ「判定: no」と書いてください。続けて「理由: 」から日本語1文で理由を書いてください。出力は「判定: ... 理由: ...」だけにしてください。,判定: no 理由: 机の上には何も危険なものが置かれている。,no,no
qwen3:1.7b,sheep,羊,3,no,机の上には何も危険なものが置かれている。,634.6,4962.4,4.85,21,検出結果は「羊 x1」です。机の上に危険なものはありますか。危険なら「判定: yes」、危険でなければ「判定: no」と書いてください。続けて「理由: 」から日本語1文で理由を書いてください。出力は「判定: ... 理由: ...」だけにしてください。,判定: no 理由: 机の上には何も危険なものが置かれている。,no,no
qwen3:1.7b,cow,牛,1,no,机の上には何も危険なものが置かれている。,634.1,4961.2,4.85,21,検出結果は「牛 x1」です。机の上に危険なものはありますか。危険なら「判定: yes」、危険でなければ「判定: no」と書いてください。続けて「理由: 」から日本語1文で理由を書いてください。出力は「判定: ... 理由: ...」だけにしてください。,判定: no 理由: 机の上には何も危険なものが置かれている。,no,no
qwen3:1.7b,cow,牛,2,no,机の上には何も危険なものが置かれている。,634.9,4962.2,4.85,21,検出結果は「牛 x1」です。机の上に危険なものはありますか。危険なら「判定: yes」、危険でなければ「判定: no」と書いてください。続けて「理由: 」から日本語1文で理由を書いてください。出力は「判定: ... 理由: ...」だけにしてください。,判定: no 理由: 机の上には何も危険なものが置かれている。,no,no
qwen3:1.7b,cow,牛,3,no,机の上には何も危険なものが置かれている。,635.0,4963.1,4.85,21,検出結果は「牛 x1」です。机の上に危険なものはありますか。危険なら「判定: yes」、危険でなければ「判定: no」と書いてください。続けて「理由: 」から日本語1文で理由を書いてください。出力は「判定: ... 理由: ...」だけにしてください。,判定: no 理由: 机の上には何も危険なものが置かれている。,no,no
qwen3:1.7b,elephant,象,1,no,机の上には何も危険なものが置かれていません。,634.4,5167.4,4.85,22,検出結果は「象 x1」です。机の上に危険なものはありますか。危険なら「判定: yes」、危険でなければ「判定: no」と書いてください。続けて「理由: 」から日本語1文で理由を書いてください。出力は「判定: ... 理由: ...」だけにしてください。,判定: no 理由: 机の上には何も危険なものが置かれていません。,no,no
qwen3:1.7b,elephant,象,2,no,机の上には何も危険なものが置かれていません。,634.2,5167.3,4.85,22,検出結果は「象 x1」です。机の上に危険なものはありますか。危険なら「判定: yes」、危険でなければ「判定: no」と書いてください。続けて「理由: 」から日本語1文で理由を書いてください。出力は「判定: ... 理由: ...」だけにしてください。,判定: no 理由: 机の上には何も危険なものが置かれていません。,no,no
qwen3:1.7b,elephant,象,3,no,机の上には何も危険なものが置かれていません。,634.7,5168.6,4.85,22,検出結果は「象 x1」です。机の上に危険なものはありますか。危険なら「判定: yes」、危険でなければ「判定: no」と書いてください。続けて「理由: 」から日本語1文で理由を書いてください。出力は「判定: ... 理由: ...」だけにしてください。,判定: no 理由: 机の上には何も危険なものが置かれていません。,no,no
qwen3:1.7b,bear,熊,1,no,机の上には何も危険なものが置かれていない。,634.7,5168.8,4.85,22,検出結果は「熊 x1」です。机の上に危険なものはありますか。危険なら「判定: yes」、危険でなければ「判定: no」と書いてください。続けて「理由: 」から日本語1文で理由を書いてください。出力は「判定: ... 理由: ...」だけにしてください。,判定: no 理由: 机の上には何も危険なものが置かれていない。,no,no
qwen3:1.7b,bear,熊,2,no,机の上には何も危険なものが置かれていない。,634.7,5171.2,4.85,22,検出結果は「熊 x1」です。机の上に危険なものはありますか。危険なら「判定: yes」、危険でなければ「判定: no」と書いてください。続けて「理由: 」から日本語1文で理由を書いてください。出力は「判定: ... 理由: ...」だけにしてください。,判定: no 理由: 机の上には何も危険なものが置かれていない。,no,no
qwen3:1.7b,bear,熊,3,no,机の上には何も危険なものが置かれていない。,633.8,5169.3,4.85,22,検出結果は「熊 x1」です。机の上に危険なものはありますか。危険なら「判定: yes」、危険でなければ「判定: no」と書いてください。続けて「理由: 」から日本語1文で理由を書いてください。出力は「判定: ... 理由: ...」だけにしてください。,判定: no 理由: 机の上には何も危険なものが置かれていない。,no,no
qwen3:1.7b,zebra,シマウマ,1,no,机の上には何も危険なものが置かれていません。,634.0,5168.1,4.85,22,検出結果は「シマウマ x1」です。机の上に危険なものはありますか。危険なら「判定: yes」、危険でなければ「判定: no」と書いてください。続けて「理由: 」から日本語1文で理由を書いてください。出力は「判定: ... 理由: ...」だけにしてください。,判定: no 理由: 机の上には何も危険なものが置かれていません。,no,no
qwen3:1.7b,zebra,シマウマ,2,no,机の上には何も危険なものが置かれていません。,635.3,5169.5,4.85,22,検出結果は「シマウマ x1」です。机の上に危険なものはありますか。危険なら「判定: yes」、危険でなければ「判定: no」と書いてください。続けて「理由: 」から日本語1文で理由を書いてください。出力は「判定: ... 理由: ...」だけにしてください。,判定: no 理由: 机の上には何も危険なものが置かれていません。,no,no
qwen3:1.7b,zebra,シマウマ,3,no,机の上には何も危険なものが置かれていません。,633.8,5165.9,4.85,22,検出結果は「シマウマ x1」です。机の上に危険なものはありますか。危険なら「判定: yes」、危険でなければ「判定: no」と書いてください。続けて「理由: 」から日本語1文で理由を書いてください。出力は「判定: ... 理由: ...」だけにしてください。,判定: no 理由: 机の上には何も危険なものが置かれていません。,no,no
qwen3:1.7b,giraffe,キリン,1,no,机の上には何も危険なものが置かれていない。,635.2,5168.8,4.85,22,検出結果は「キリン x1」です。机の上に危険なものはありますか。危険なら「判定: yes」、危険でなければ「判定: no」と書いてください。続けて「理由: 」から日本語1文で理由を書いてください。出力は「判定: ... 理由: ...」だけにしてください。,判定: no 理由: 机の上には何も危険なものが置かれていない。,no,no
qwen3:1.7b,giraffe,キリン,2,no,机の上には何も危険なものが置かれていない。,635.1,5170.3,4.85,22,検出結果は「キリン x1」です。机の上に危険なものはありますか。危険なら「判定: yes」、危険でなければ「判定: no」と書いてください。続けて「理由: 」から日本語1文で理由を書いてください。出力は「判定: ... 理由: ...」だけにしてください。,判定: no 理由: 机の上には何も危険なものが置かれていない。,no,no
qwen3:1.7b,giraffe,キリン,3,no,机の上には何も危険なものが置かれていない。,635.1,5170.0,4.85,22,検出結果は「キリン x1」です。机の上に危険なものはありますか。危険なら「判定: yes」、危険でなければ「判定: no」と書いてください。続けて「理由: 」から日本語1文で理由を書いてください。出力は「判定: ... 理由: ...」だけにしてください。,判定: no 理由: 机の上には何も危険なものが置かれていない。,no,no
qwen3:1.7b,backpack,リュック,1,no,机の上には何も危険なものが置かれていない。,635.1,5168.8,4.85,22,検出結果は「リュック x1」です。机の上に危険なものはありますか。危険なら「判定: yes」、危険でなければ「判定: no」と書いてください。続けて「理由: 」から日本語1文で理由を書いてください。出力は「判定: ... 理由: ...」だけにしてください。,判定: no 理由: 机の上には何も危険なものが置かれていない。,no,no
qwen3:1.7b,backpack,リュック,2,no,机の上には何も危険なものが置かれていない。,634.8,5167.5,4.85,22,検出結果は「リュック x1」です。机の上に危険なものはありますか。危険なら「判定: yes」、危険でなければ「判定: no」と書いてください。続けて「理由: 」から日本語1文で理由を書いてください。出力は「判定: ... 理由: ...」だけにしてください。,判定: no 理由: 机の上には何も危険なものが置かれていない。,no,no
qwen3:1.7b,backpack,リュック,3,no,机の上には何も危険なものが置かれていない。,633.9,5167.7,4.85,22,検出結果は「リュック x1」です。机の上に危険なものはありますか。危険なら「判定: yes」、危険でなければ「判定: no」と書いてください。続けて「理由: 」から日本語1文で理由を書いてください。出力は「判定: ... 理由: ...」だけにしてください。,判定: no 理由: 机の上には何も危険なものが置かれていない。,no,no
qwen3:1.7b,umbrella,傘,1,yes,」から日本語1文で理由を書いてください。出力は「判定: ... 理由: ...」だけにしてください。 判定: no 理由: 傘は危険な,842.5,20202.1,4.96,96,検出結果は「傘 x1」です。机の上に危険なものはありますか。危険なら「判定: yes」、危険でなければ「判定: no」と書いてください。続けて「理由: 」から日本語1文で理由を書いてください。出力は「判定: ... 理由: ...」だけにしてください。,検出結果は「傘 x1」です。机の上に危険なものはありますか。危険なら「判定: yes」、危険でなければ「判定: no」と書いてください。続けて「理由:」から日本語1文で理由を書いてください。出力は「判定: ... 理由: ...」だけにしてください。 判定: no 理由: 傘は危険な,no,yes
qwen3:1.7b,umbrella,傘,2,yes,」から日本語1文で理由を書いてください。出力は「判定: ... 理由: ...」だけにしてください。 判定: no 理由: 傘は危険な,842.8,20209.4,4.96,96,検出結果は「傘 x1」です。机の上に危険なものはありますか。危険なら「判定: yes」、危険でなければ「判定: no」と書いてください。続けて「理由: 」から日本語1文で理由を書いてください。出力は「判定: ... 理由: ...」だけにしてください。,検出結果は「傘 x1」です。机の上に危険なものはありますか。危険なら「判定: yes」、危険でなければ「判定: no」と書いてください。続けて「理由:」から日本語1文で理由を書いてください。出力は「判定: ... 理由: ...」だけにしてください。 判定: no 理由: 傘は危険な,no,yes
qwen3:1.7b,umbrella,傘,3,yes,」から日本語1文で理由を書いてください。出力は「判定: ... 理由: ...」だけにしてください。 判定: no 理由: 傘は危険な,843.4,20210.6,4.96,96,検出結果は「傘 x1」です。机の上に危険なものはありますか。危険なら「判定: yes」、危険でなければ「判定: no」と書いてください。続けて「理由: 」から日本語1文で理由を書いてください。出力は「判定: ... 理由: ...」だけにしてください。,検出結果は「傘 x1」です。机の上に危険なものはありますか。危険なら「判定: yes」、危険でなければ「判定: no」と書いてください。続けて「理由:」から日本語1文で理由を書いてください。出力は「判定: ... 理由: ...」だけにしてください。 判定: no 理由: 傘は危険な,no,yes
qwen3:1.7b,handbag,ハンドバッグ,1,no,机の上にはハンドバッグ x1が置かれていますが、その上には危険なものはありません。,634.6,7228.7,4.85,32,検出結果は「ハンドバッグ x1」です。机の上に危険なものはありますか。危険なら「判定: yes」、危険でなければ「判定: no」と書いてください。続けて「理由: 」から日本語1文で理由を書いてください。出力は「判定: ... 理由: ...」だけにしてください。,判定: no 理由: 机の上にはハンドバッグ x1が置かれていますが、その上には危険なものはありません。,no,no
qwen3:1.7b,handbag,ハンドバッグ,2,no,机の上にはハンドバッグ x1が置かれていますが、その上には危険なものはありません。,634.9,7228.1,4.85,32,検出結果は「ハンドバッグ x1」です。机の上に危険なものはありますか。危険なら「判定: yes」、危険でなければ「判定: no」と書いてください。続けて「理由: 」から日本語1文で理由を書いてください。出力は「判定: ... 理由: ...」だけにしてください。,判定: no 理由: 机の上にはハンドバッグ x1が置かれていますが、その上には危険なものはありません。,no,no
qwen3:1.7b,handbag,ハンドバッグ,3,no,机の上にはハンドバッグ x1が置かれていますが、その上には危険なものはありません。,634.0,7228.3,4.85,32,検出結果は「ハンドバッグ x1」です。机の上に危険なものはありますか。危険なら「判定: yes」、危険でなければ「判定: no」と書いてください。続けて「理由: 」から日本語1文で理由を書いてください。出力は「判定: ... 理由: ...」だけにしてください。,判定: no 理由: 机の上にはハンドバッグ x1が置かれていますが、その上には危険なものはありません。,no,no
qwen3:1.7b,tie,ネクタイ,1,no,机の上には何も危険なものが置かれているので、危険ではない。,634.7,6196.4,4.85,27,検出結果は「ネクタイ x1」です。机の上に危険なものはありますか。危険なら「判定: yes」、危険でなければ「判定: no」と書いてください。続けて「理由: 」から日本語1文で理由を書いてください。出力は「判定: ... 理由: ...」だけにしてください。,判定: no 理由: 机の上には何も危険なものが置かれているので、危険ではない。,no,no
qwen3:1.7b,tie,ネクタイ,2,no,机の上には何も危険なものが置かれているので、危険ではない。,635.2,6199.0,4.85,27,検出結果は「ネクタイ x1」です。机の上に危険なものはありますか。危険なら「判定: yes」、危険でなければ「判定: no」と書いてください。続けて「理由: 」から日本語1文で理由を書いてください。出力は「判定: ... 理由: ...」だけにしてください。,判定: no 理由: 机の上には何も危険なものが置かれているので、危険ではない。,no,no
qwen3:1.7b,tie,ネクタイ,3,no,机の上には何も危険なものが置かれているので、危険ではない。,634.6,6196.8,4.85,27,検出結果は「ネクタイ x1」です。机の上に危険なものはありますか。危険なら「判定: yes」、危険でなければ「判定: no」と書いてください。続けて「理由: 」から日本語1文で理由を書いてください。出力は「判定: ... 理由: ...」だけにしてください。,判定: no 理由: 机の上には何も危険なものが置かれているので、危険ではない。,no,no
qwen3:1.7b,suitcase,スーツケース,1,no,机の上にはスーツケースx1が置かれていますが、その上には危険な物は一切ありません。,634.3,7641.1,4.85,34,検出結果は「スーツケース x1」です。机の上に危険なものはありますか。危険なら「判定: yes」、危険でなければ「判定: no」と書いてください。続けて「理由: 」から日本語1文で理由を書いてください。出力は「判定: ... 理由: ...」だけにしてください。,判定: no 理由: 机の上にはスーツケースx1が置かれていますが、その上には危険な物は一切ありません。,no,no
qwen3:1.7b,suitcase,スーツケース,2,no,机の上にはスーツケースx1が置かれていますが、その上には危険な物は一切ありません。,634.7,7641.8,4.85,34,検出結果は「スーツケース x1」です。机の上に危険なものはありますか。危険なら「判定: yes」、危険でなければ「判定: no」と書いてください。続けて「理由: 」から日本語1文で理由を書いてください。出力は「判定: ... 理由: ...」だけにしてください。,判定: no 理由: 机の上にはスーツケースx1が置かれていますが、その上には危険な物は一切ありません。,no,no
qwen3:1.7b,suitcase,スーツケース,3,no,机の上にはスーツケースx1が置かれていますが、その上には危険な物は一切ありません。,634.8,7640.9,4.85,34,検出結果は「スーツケース x1」です。机の上に危険なものはありますか。危険なら「判定: yes」、危険でなければ「判定: no」と書いてください。続けて「理由: 」から日本語1文で理由を書いてください。出力は「判定: ... 理由: ...」だけにしてください。,判定: no 理由: 机の上にはスーツケースx1が置かれていますが、その上には危険な物は一切ありません。,no,no
qwen3:1.7b,frisbee,フリスビー,1,no,机の上には何も危険なものが置かれていない。,634.2,5167.7,4.85,22,検出結果は「フリスビー x1」です。机の上に危険なものはありますか。危険なら「判定: yes」、危険でなければ「判定: no」と書いてください。続けて「理由: 」から日本語1文で理由を書いてください。出力は「判定: ... 理由: ...」だけにしてください。,判定: no 理由: 机の上には何も危険なものが置かれていない。,no,no
qwen3:1.7b,frisbee,フリスビー,2,no,机の上には何も危険なものが置かれていない。,634.3,5168.8,4.85,22,検出結果は「フリスビー x1」です。机の上に危険なものはありますか。危険なら「判定: yes」、危険でなければ「判定: no」と書いてください。続けて「理由: 」から日本語1文で理由を書いてください。出力は「判定: ... 理由: ...」だけにしてください。,判定: no 理由: 机の上には何も危険なものが置かれていない。,no,no
qwen3:1.7b,frisbee,フリスビー,3,no,机の上には何も危険なものが置かれていない。,635.2,5168.2,4.85,22,検出結果は「フリスビー x1」です。机の上に危険なものはありますか。危険なら「判定: yes」、危険でなければ「判定: no」と書いてください。続けて「理由: 」から日本語1文で理由を書いてください。出力は「判定: ... 理由: ...」だけにしてください。,判定: no 理由: 机の上には何も危険なものが置かれていない。,no,no
qwen3:1.7b,skis,スキー板,1,no,机の上にはスキー板x1が置かれていますが、危険なものはありません。,634.0,6609.3,4.85,29,検出結果は「スキー板 x1」です。机の上に危険なものはありますか。危険なら「判定: yes」、危険でなければ「判定: no」と書いてください。続けて「理由: 」から日本語1文で理由を書いてください。出力は「判定: ... 理由: ...」だけにしてください。,判定: no 理由: 机の上にはスキー板x1が置かれていますが、危険なものはありません。,no,no
qwen3:1.7b,skis,スキー板,2,no,机の上にはスキー板x1が置かれていますが、危険なものはありません。,634.6,6611.5,4.85,29,検出結果は「スキー板 x1」です。机の上に危険なものはありますか。危険なら「判定: yes」、危険でなければ「判定: no」と書いてください。続けて「理由: 」から日本語1文で理由を書いてください。出力は「判定: ... 理由: ...」だけにしてください。,判定: no 理由: 机の上にはスキー板x1が置かれていますが、危険なものはありません。,no,no
qwen3:1.7b,skis,スキー板,3,no,机の上にはスキー板x1が置かれていますが、危険なものはありません。,634.9,6609.2,4.85,29,検出結果は「スキー板 x1」です。机の上に危険なものはありますか。危険なら「判定: yes」、危険でなければ「判定: no」と書いてください。続けて「理由: 」から日本語1文で理由を書いてください。出力は「判定: ... 理由: ...」だけにしてください。,判定: no 理由: 机の上にはスキー板x1が置かれていますが、危険なものはありません。,no,no
qwen3:1.7b,snowboard,スノーボード,1,no,机の上には何も危険なものが置かれていない。,634.9,5168.7,4.85,22,検出結果は「スノーボード x1」です。机の上に危険なものはありますか。危険なら「判定: yes」、危険でなければ「判定: no」と書いてください。続けて「理由: 」から日本語1文で理由を書いてください。出力は「判定: ... 理由: ...」だけにしてください。,判定: no 理由: 机の上には何も危険なものが置かれていない。,no,no
qwen3:1.7b,snowboard,スノーボード,2,no,机の上には何も危険なものが置かれていない。,634.5,5168.7,4.85,22,検出結果は「スノーボード x1」です。机の上に危険なものはありますか。危険なら「判定: yes」、危険でなければ「判定: no」と書いてください。続けて「理由: 」から日本語1文で理由を書いてください。出力は「判定: ... 理由: ...」だけにしてください。,判定: no 理由: 机の上には何も危険なものが置かれていない。,no,no
qwen3:1.7b,snowboard,スノーボード,3,no,机の上には何も危険なものが置かれていない。,634.8,5167.5,4.85,22,検出結果は「スノーボード x1」です。机の上に危険なものはありますか。危険なら「判定: yes」、危険でなければ「判定: no」と書いてください。続けて「理由: 」から日本語1文で理由を書いてください。出力は「判定: ... 理由: ...」だけにしてください。,判定: no 理由: 机の上には何も危険なものが置かれていない。,no,no
qwen3:1.7b,sports ball,ボール,1,no,机の上にはボール x1 が置かれていますが、危険なものはありません。,634.0,6404.3,4.85,28,検出結果は「ボール x1」です。机の上に危険なものはありますか。危険なら「判定: yes」、危険でなければ「判定: no」と書いてください。続けて「理由: 」から日本語1文で理由を書いてください。出力は「判定: ... 理由: ...」だけにしてください。,判定: no 理由: 机の上にはボール x1 が置かれていますが、危険なものはありません。,no,no
qwen3:1.7b,sports ball,ボール,2,no,机の上にはボール x1 が置かれていますが、危険なものはありません。,634.7,6403.8,4.85,28,検出結果は「ボール x1」です。机の上に危険なものはありますか。危険なら「判定: yes」、危険でなければ「判定: no」と書いてください。続けて「理由: 」から日本語1文で理由を書いてください。出力は「判定: ... 理由: ...」だけにしてください。,判定: no 理由: 机の上にはボール x1 が置かれていますが、危険なものはありません。,no,no
qwen3:1.7b,sports ball,ボール,3,no,机の上にはボール x1 が置かれていますが、危険なものはありません。,635.2,6404.0,4.85,28,検出結果は「ボール x1」です。机の上に危険なものはありますか。危険なら「判定: yes」、危険でなければ「判定: no」と書いてください。続けて「理由: 」から日本語1文で理由を書いてください。出力は「判定: ... 理由: ...」だけにしてください。,判定: no 理由: 机の上にはボール x1 が置かれていますが、危険なものはありません。,no,no
qwen3:1.7b,kite,凧,1,no,机の上には何も危険なものが置かれていないため、危険ではない。,633.8,6400.9,4.86,28,検出結果は「凧 x1」です。机の上に危険なものはありますか。危険なら「判定: yes」、危険でなければ「判定: no」と書いてください。続けて「理由: 」から日本語1文で理由を書いてください。出力は「判定: ... 理由: ...」だけにしてください。,判定: no 理由: 机の上には何も危険なものが置かれていないため、危険ではない。,no,no
qwen3:1.7b,kite,凧,2,no,机の上には何も危険なものが置かれていないため、危険ではない。,634.9,6402.3,4.85,28,検出結果は「凧 x1」です。机の上に危険なものはありますか。危険なら「判定: yes」、危険でなければ「判定: no」と書いてください。続けて「理由: 」から日本語1文で理由を書いてください。出力は「判定: ... 理由: ...」だけにしてください。,判定: no 理由: 机の上には何も危険なものが置かれていないため、危険ではない。,no,no
qwen3:1.7b,kite,凧,3,no,机の上には何も危険なものが置かれていないため、危険ではない。,634.3,6404.3,4.85,28,検出結果は「凧 x1」です。机の上に危険なものはありますか。危険なら「判定: yes」、危険でなければ「判定: no」と書いてください。続けて「理由: 」から日本語1文で理由を書いてください。出力は「判定: ... 理由: ...」だけにしてください。,判定: no 理由: 机の上には何も危険なものが置かれていないため、危険ではない。,no,no
qwen3:1.7b,baseball bat,野球バット,1,no,机の上には何も危険なものが置かれていない。,633.9,5167.3,4.85,22,検出結果は「野球バット x1」です。机の上に危険なものはありますか。危険なら「判定: yes」、危険でなければ「判定: no」と書いてください。続けて「理由: 」から日本語1文で理由を書いてください。出力は「判定: ... 理由: ...」だけにしてください。,判定: no 理由: 机の上には何も危険なものが置かれていない。,no,no
qwen3:1.7b,baseball bat,野球バット,2,no,机の上には何も危険なものが置かれていない。,634.4,5167.7,4.85,22,検出結果は「野球バット x1」です。机の上に危険なものはありますか。危険なら「判定: yes」、危険でなければ「判定: no」と書いてください。続けて「理由: 」から日本語1文で理由を書いてください。出力は「判定: ... 理由: ...」だけにしてください。,判定: no 理由: 机の上には何も危険なものが置かれていない。,no,no
qwen3:1.7b,baseball bat,野球バット,3,no,机の上には何も危険なものが置かれていない。,634.2,5167.2,4.85,22,検出結果は「野球バット x1」です。机の上に危険なものはありますか。危険なら「判定: yes」、危険でなければ「判定: no」と書いてください。続けて「理由: 」から日本語1文で理由を書いてください。出力は「判定: ... 理由: ...」だけにしてください。,判定: no 理由: 机の上には何も危険なものが置かれていない。,no,no
qwen3:1.7b,baseball glove,野球グローブ,1,no,机の上には野球グローブ x1 が置かれていますが、危険なものはありません。,634.1,7433.4,4.85,33,検出結果は「野球グローブ x1」です。机の上に危険なものはありますか。危険なら「判定: yes」、危険でなければ「判定: no」と書いてください。続けて「理由: 」から日本語1文で理由を書いてください。出力は「判定: ... 理由: ...」だけにしてください。,判定: no 理由: 机の上には野球グローブ x1 が置かれていますが、危険なものはありません。,no,no
qwen3:1.7b,baseball glove,野球グローブ,2,no,机の上には野球グローブ x1 が置かれていますが、危険なものはありません。,634.1,7430.8,4.86,33,検出結果は「野球グローブ x1」です。机の上に危険なものはありますか。危険なら「判定: yes」、危険でなければ「判定: no」と書いてください。続けて「理由: 」から日本語1文で理由を書いてください。出力は「判定: ... 理由: ...」だけにしてください。,判定: no 理由: 机の上には野球グローブ x1 が置かれていますが、危険なものはありません。,no,no
qwen3:1.7b,baseball glove,野球グローブ,3,no,机の上には野球グローブ x1 が置かれていますが、危険なものはありません。,634.1,7432.0,4.85,33,検出結果は「野球グローブ x1」です。机の上に危険なものはありますか。危険なら「判定: yes」、危険でなければ「判定: no」と書いてください。続けて「理由: 」から日本語1文で理由を書いてください。出力は「判定: ... 理由: ...」だけにしてください。,判定: no 理由: 机の上には野球グローブ x1 が置かれていますが、危険なものはありません。,no,no
qwen3:1.7b,skateboard,スケートボード,1,no,机の上にスケートボードx1は置かれていますが、危険なものはありません。机の上に置かれているのはスケートボードx1であり、危険なものはありません。,635.0,11551.6,4.86,53,検出結果は「スケートボード x1」です。机の上に危険なものはありますか。危険なら「判定: yes」、危険でなければ「判定: no」と書いてください。続けて「理由: 」から日本語1文で理由を書いてください。出力は「判定: ... 理由: ...」だけにしてください。,判定: no 理由: 机の上にスケートボードx1は置かれていますが、危険なものはありません。机の上に置かれているのはスケートボードx1であり、危険なものはありません。,no,no
qwen3:1.7b,skateboard,スケートボード,2,no,机の上にスケートボードx1は置かれていますが、危険なものはありません。机の上に置かれているのはスケートボードx1であり、危険なものはありません。,634.4,11553.1,4.85,53,検出結果は「スケートボード x1」です。机の上に危険なものはありますか。危険なら「判定: yes」、危険でなければ「判定: no」と書いてください。続けて「理由: 」から日本語1文で理由を書いてください。出力は「判定: ... 理由: ...」だけにしてください。,判定: no 理由: 机の上にスケートボードx1は置かれていますが、危険なものはありません。机の上に置かれているのはスケートボードx1であり、危険なものはありません。,no,no
qwen3:1.7b,skateboard,スケートボード,3,no,机の上にスケートボードx1は置かれていますが、危険なものはありません。机の上に置かれているのはスケートボードx1であり、危険なものはありません。,635.2,11554.6,4.85,53,検出結果は「スケートボード x1」です。机の上に危険なものはありますか。危険なら「判定: yes」、危険でなければ「判定: no」と書いてください。続けて「理由: 」から日本語1文で理由を書いてください。出力は「判定: ... 理由: ...」だけにしてください。,判定: no 理由: 机の上にスケートボードx1は置かれていますが、危険なものはありません。机の上に置かれているのはスケートボードx1であり、危険なものはありません。,no,no
qwen3:1.7b,surfboard,サーフボード,1,no,机の上には何も危険なものが置かれている。,634.3,4961.6,4.85,21,検出結果は「サーフボード x1」です。机の上に危険なものはありますか。危険なら「判定: yes」、危険でなければ「判定: no」と書いてください。続けて「理由: 」から日本語1文で理由を書いてください。出力は「判定: ... 理由: ...」だけにしてください。,判定: no 理由: 机の上には何も危険なものが置かれている。,no,no
qwen3:1.7b,surfboard,サーフボード,2,no,机の上には何も危険なものが置かれている。,634.6,4962.5,4.85,21,検出結果は「サーフボード x1」です。机の上に危険なものはありますか。危険なら「判定: yes」、危険でなければ「判定: no」と書いてください。続けて「理由: 」から日本語1文で理由を書いてください。出力は「判定: ... 理由: ...」だけにしてください。,判定: no 理由: 机の上には何も危険なものが置かれている。,no,no
qwen3:1.7b,surfboard,サーフボード,3,no,机の上には何も危険なものが置かれている。,634.2,4961.9,4.85,21,検出結果は「サーフボード x1」です。机の上に危険なものはありますか。危険なら「判定: yes」、危険でなければ「判定: no」と書いてください。続けて「理由: 」から日本語1文で理由を書いてください。出力は「判定: ... 理由: ...」だけにしてください。,判定: no 理由: 机の上には何も危険なものが置かれている。,no,no
qwen3:1.7b,tennis racket,テニスラケット,1,no,机の上にはテニスラケット x1 は放置されており、危険なものは存在しない。,634.1,7229.2,4.85,32,検出結果は「テニスラケット x1」です。机の上に危険なものはありますか。危険なら「判定: yes」、危険でなければ「判定: no」と書いてください。続けて「理由: 」から日本語1文で理由を書いてください。出力は「判定: ... 理由: ...」だけにしてください。,判定: no 理由: 机の上にはテニスラケット x1 は放置されており、危険なものは存在しない。,no,no
qwen3:1.7b,tennis racket,テニスラケット,2,no,机の上にはテニスラケット x1 は放置されており、危険なものは存在しない。,635.7,7230.7,4.85,32,検出結果は「テニスラケット x1」です。机の上に危険なものはありますか。危険なら「判定: yes」、危険でなければ「判定: no」と書いてください。続けて「理由: 」から日本語1文で理由を書いてください。出力は「判定: ... 理由: ...」だけにしてください。,判定: no 理由: 机の上にはテニスラケット x1 は放置されており、危険なものは存在しない。,no,no
qwen3:1.7b,tennis racket,テニスラケット,3,no,机の上にはテニスラケット x1 は放置されており、危険なものは存在しない。,634.7,7225.8,4.86,32,検出結果は「テニスラケット x1」です。机の上に危険なものはありますか。危険なら「判定: yes」、危険でなければ「判定: no」と書いてください。続けて「理由: 」から日本語1文で理由を書いてください。出力は「判定: ... 理由: ...」だけにしてください。,判定: no 理由: 机の上にはテニスラケット x1 は放置されており、危険なものは存在しない。,no,no
qwen3:1.7b,bottle,ボトル,1,no,机の上にはボトル x1 が置かれていますが、危険なものはありません。,634.6,6611.4,4.85,29,検出結果は「ボトル x1」です。机の上に危険なものはありますか。危険なら「判定: yes」、危険でなければ「判定: no」と書いてください。続けて「理由: 」から日本語1文で理由を書いてください。出力は「判定: ... 理由: ...」だけにしてください。,判定: no 理由: 机の上にはボトル x1 が置かれていますが、危険なものはありません。,no,no
qwen3:1.7b,bottle,ボトル,2,no,机の上にはボトル x1 が置かれていますが、危険なものはありません。,635.2,6610.3,4.85,29,検出結果は「ボトル x1」です。机の上に危険なものはありますか。危険なら「判定: yes」、危険でなければ「判定: no」と書いてください。続けて「理由: 」から日本語1文で理由を書いてください。出力は「判定: ... 理由: ...」だけにしてください。,判定: no 理由: 机の上にはボトル x1 が置かれていますが、危険なものはありません。,no,no
qwen3:1.7b,bottle,ボトル,3,no,机の上にはボトル x1 が置かれていますが、危険なものはありません。,634.3,6610.4,4.85,29,検出結果は「ボトル x1」です。机の上に危険なものはありますか。危険なら「判定: yes」、危険でなければ「判定: no」と書いてください。続けて「理由: 」から日本語1文で理由を書いてください。出力は「判定: ... 理由: ...」だけにしてください。,判定: no 理由: 机の上にはボトル x1 が置かれていますが、危険なものはありません。,no,no
qwen3:1.7b,wine glass,ワイングラス,1,no,机の上にはワイングラス x1が置かれていますが、その上には危険なものはありません。,634.3,7227.3,4.85,32,検出結果は「ワイングラス x1」です。机の上に危険なものはありますか。危険なら「判定: yes」、危険でなければ「判定: no」と書いてください。続けて「理由: 」から日本語1文で理由を書いてください。出力は「判定: ... 理由: ...」だけにしてください。,判定: no 理由: 机の上にはワイングラス x1が置かれていますが、その上には危険なものはありません。,no,no
qwen3:1.7b,wine glass,ワイングラス,2,no,机の上にはワイングラス x1が置かれていますが、その上には危険なものはありません。,634.7,7229.9,4.85,32,検出結果は「ワイングラス x1」です。机の上に危険なものはありますか。危険なら「判定: yes」、危険でなければ「判定: no」と書いてください。続けて「理由: 」から日本語1文で理由を書いてください。出力は「判定: ... 理由: ...」だけにしてください。,判定: no 理由: 机の上にはワイングラス x1が置かれていますが、その上には危険なものはありません。,no,no
qwen3:1.7b,wine glass,ワイングラス,3,no,机の上にはワイングラス x1が置かれていますが、その上には危険なものはありません。,634.2,7229.2,4.85,32,検出結果は「ワイングラス x1」です。机の上に危険なものはありますか。危険なら「判定: yes」、危険でなければ「判定: no」と書いてください。続けて「理由: 」から日本語1文で理由を書いてください。出力は「判定: ... 理由: ...」だけにしてください。,判定: no 理由: 机の上にはワイングラス x1が置かれていますが、その上には危険なものはありません。,no,no
qwen3:1.7b,cup,コップ,1,no,机の上には何も危険なものが置かれていない。,634.8,5169.4,4.85,22,検出結果は「コップ x1」です。机の上に危険なものはありますか。危険なら「判定: yes」、危険でなければ「判定: no」と書いてください。続けて「理由: 」から日本語1文で理由を書いてください。出力は「判定: ... 理由: ...」だけにしてください。,判定: no 理由: 机の上には何も危険なものが置かれていない。,no,no
qwen3:1.7b,cup,コップ,2,no,机の上には何も危険なものが置かれていない。,634.4,5167.9,4.85,22,検出結果は「コップ x1」です。机の上に危険なものはありますか。危険なら「判定: yes」、危険でなければ「判定: no」と書いてください。続けて「理由: 」から日本語1文で理由を書いてください。出力は「判定: ... 理由: ...」だけにしてください。,判定: no 理由: 机の上には何も危険なものが置かれていない。,no,no
qwen3:1.7b,cup,コップ,3,no,机の上には何も危険なものが置かれていない。,634.0,5167.3,4.85,22,検出結果は「コップ x1」です。机の上に危険なものはありますか。危険なら「判定: yes」、危険でなければ「判定: no」と書いてください。続けて「理由: 」から日本語1文で理由を書いてください。出力は「判定: ... 理由: ...」だけにしてください。,判定: no 理由: 机の上には何も危険なものが置かれていない。,no,no
qwen3:1.7b,fork,フォーク,1,no,机の上には何も危険なものが置かれていないため、危険ではない。,634.4,6403.3,4.85,28,検出結果は「フォーク x1」です。机の上に危険なものはありますか。危険なら「判定: yes」、危険でなければ「判定: no」と書いてください。続けて「理由: 」から日本語1文で理由を書いてください。出力は「判定: ... 理由: ...」だけにしてください。,判定: no 理由: 机の上には何も危険なものが置かれていないため、危険ではない。,no,no
qwen3:1.7b,fork,フォーク,2,no,机の上には何も危険なものが置かれていないため、危険ではない。,634.2,6402.0,4.85,28,検出結果は「フォーク x1」です。机の上に危険なものはありますか。危険なら「判定: yes」、危険でなければ「判定: no」と書いてください。続けて「理由: 」から日本語1文で理由を書いてください。出力は「判定: ... 理由: ...」だけにしてください。,判定: no 理由: 机の上には何も危険なものが置かれていないため、危険ではない。,no,no
qwen3:1.7b,fork,フォーク,3,no,机の上には何も危険なものが置かれていないため、危険ではない。,634.8,6405.1,4.85,28,検出結果は「フォーク x1」です。机の上に危険なものはありますか。危険なら「判定: yes」、危険でなければ「判定: no」と書いてください。続けて「理由: 」から日本語1文で理由を書いてください。出力は「判定: ... 理由: ...」だけにしてください。,判定: no 理由: 机の上には何も危険なものが置かれていないため、危険ではない。,no,no
qwen3:1.7b,knife,ナイフ,1,no,机の上にはナイフ x1が置かれているが、危険なものは確認されていない。,634.0,6818.8,4.85,30,検出結果は「ナイフ x1」です。机の上に危険なものはありますか。危険なら「判定: yes」、危険でなければ「判定: no」と書いてください。続けて「理由: 」から日本語1文で理由を書いてください。出力は「判定: ... 理由: ...」だけにしてください。,判定: no 理由: 机の上にはナイフ x1が置かれているが、危険なものは確認されていない。,no,no
qwen3:1.7b,knife,ナイフ,2,no,机の上にはナイフ x1が置かれているが、危険なものは確認されていない。,634.9,6819.0,4.85,30,検出結果は「ナイフ x1」です。机の上に危険なものはありますか。危険なら「判定: yes」、危険でなければ「判定: no」と書いてください。続けて「理由: 」から日本語1文で理由を書いてください。出力は「判定: ... 理由: ...」だけにしてください。,判定: no 理由: 机の上にはナイフ x1が置かれているが、危険なものは確認されていない。,no,no
qwen3:1.7b,knife,ナイフ,3,no,机の上にはナイフ x1が置かれているが、危険なものは確認されていない。,634.4,6816.6,4.85,30,検出結果は「ナイフ x1」です。机の上に危険なものはありますか。危険なら「判定: yes」、危険でなければ「判定: no」と書いてください。続けて「理由: 」から日本語1文で理由を書いてください。出力は「判定: ... 理由: ...」だけにしてください。,判定: no 理由: 机の上にはナイフ x1が置かれているが、危険なものは確認されていない。,no,no
qwen3:1.7b,spoon,スプーン,1,no,机の上には何も置かれていないので、危険なものは存在しない。,634.9,5993.3,4.85,26,検出結果は「スプーン x1」です。机の上に危険なものはありますか。危険なら「判定: yes」、危険でなければ「判定: no」と書いてください。続けて「理由: 」から日本語1文で理由を書いてください。出力は「判定: ... 理由: ...」だけにしてください。,判定: no 理由: 机の上には何も置かれていないので、危険なものは存在しない。,no,no
qwen3:1.7b,spoon,スプーン,2,no,机の上には何も置かれていないので、危険なものは存在しない。,634.4,5991.3,4.85,26,検出結果は「スプーン x1」です。机の上に危険なものはありますか。危険なら「判定: yes」、危険でなければ「判定: no」と書いてください。続けて「理由: 」から日本語1文で理由を書いてください。出力は「判定: ... 理由: ...」だけにしてください。,判定: no 理由: 机の上には何も置かれていないので、危険なものは存在しない。,no,no
qwen3:1.7b,spoon,スプーン,3,no,机の上には何も置かれていないので、危険なものは存在しない。,634.0,5990.3,4.85,26,検出結果は「スプーン x1」です。机の上に危険なものはありますか。危険なら「判定: yes」、危険でなければ「判定: no」と書いてください。続けて「理由: 」から日本語1文で理由を書いてください。出力は「判定: ... 理由: ...」だけにしてください。,判定: no 理由: 机の上には何も置かれていないので、危険なものは存在しない。,no,no
qwen3:1.7b,bowl,ボウル,1,no,机の上には何も置かれていないため、危険なものは存在しない。,634.9,5993.8,4.85,26,検出結果は「ボウル x1」です。机の上に危険なものはありますか。危険なら「判定: yes」、危険でなければ「判定: no」と書いてください。続けて「理由: 」から日本語1文で理由を書いてください。出力は「判定: ... 理由: ...」だけにしてください。,判定: no 理由: 机の上には何も置かれていないため、危険なものは存在しない。,no,no
qwen3:1.7b,bowl,ボウル,2,no,机の上には何も置かれていないため、危険なものは存在しない。,635.1,5991.4,4.85,26,検出結果は「ボウル x1」です。机の上に危険なものはありますか。危険なら「判定: yes」、危険でなければ「判定: no」と書いてください。続けて「理由: 」から日本語1文で理由を書いてください。出力は「判定: ... 理由: ...」だけにしてください。,判定: no 理由: 机の上には何も置かれていないため、危険なものは存在しない。,no,no
qwen3:1.7b,bowl,ボウル,3,no,机の上には何も置かれていないため、危険なものは存在しない。,633.5,5991.0,4.85,26,検出結果は「ボウル x1」です。机の上に危険なものはありますか。危険なら「判定: yes」、危険でなければ「判定: no」と書いてください。続けて「理由: 」から日本語1文で理由を書いてください。出力は「判定: ... 理由: ...」だけにしてください。,判定: no 理由: 机の上には何も置かれていないため、危険なものは存在しない。,no,no
qwen3:1.7b,banana,バナナ,1,no,机の上にはバナナ x1 が置かれていますが、危険なものはありません。,634.8,6817.0,4.85,30,検出結果は「バナナ x1」です。机の上に危険なものはありますか。危険なら「判定: yes」、危険でなければ「判定: no」と書いてください。続けて「理由: 」から日本語1文で理由を書いてください。出力は「判定: ... 理由: ...」だけにしてください。,判定: no 理由: 机の上にはバナナ x1 が置かれていますが、危険なものはありません。,no,no
qwen3:1.7b,banana,バナナ,2,no,机の上にはバナナ x1 が置かれていますが、危険なものはありません。,634.7,6815.7,4.85,30,検出結果は「バナナ x1」です。机の上に危険なものはありますか。危険なら「判定: yes」、危険でなければ「判定: no」と書いてください。続けて「理由: 」から日本語1文で理由を書いてください。出力は「判定: ... 理由: ...」だけにしてください。,判定: no 理由: 机の上にはバナナ x1 が置かれていますが、危険なものはありません。,no,no
qwen3:1.7b,banana,バナナ,3,no,机の上にはバナナ x1 が置かれていますが、危険なものはありません。,634.6,6815.6,4.85,30,検出結果は「バナナ x1」です。机の上に危険なものはありますか。危険なら「判定: yes」、危険でなければ「判定: no」と書いてください。続けて「理由: 」から日本語1文で理由を書いてください。出力は「判定: ... 理由: ...」だけにしてください。,判定: no 理由: 机の上にはバナナ x1 が置かれていますが、危険なものはありません。,no,no
qwen3:1.7b,apple,りんご,1,no,机の上にはりんごx1が置かれていますが、危険なものはありません。,634.3,6609.5,4.85,29,検出結果は「りんご x1」です。机の上に危険なものはありますか。危険なら「判定: yes」、危険でなければ「判定: no」と書いてください。続けて「理由: 」から日本語1文で理由を書いてください。出力は「判定: ... 理由: ...」だけにしてください。,判定: no 理由: 机の上にはりんごx1が置かれていますが、危険なものはありません。,no,no
qwen3:1.7b,apple,りんご,2,no,机の上にはりんごx1が置かれていますが、危険なものはありません。,634.2,6608.2,4.85,29,検出結果は「りんご x1」です。机の上に危険なものはありますか。危険なら「判定: yes」、危険でなければ「判定: no」と書いてください。続けて「理由: 」から日本語1文で理由を書いてください。出力は「判定: ... 理由: ...」だけにしてください。,判定: no 理由: 机の上にはりんごx1が置かれていますが、危険なものはありません。,no,no
qwen3:1.7b,apple,りんご,3,no,机の上にはりんごx1が置かれていますが、危険なものはありません。,634.0,6608.5,4.85,29,検出結果は「りんご x1」です。机の上に危険なものはありますか。危険なら「判定: yes」、危険でなければ「判定: no」と書いてください。続けて「理由: 」から日本語1文で理由を書いてください。出力は「判定: ... 理由: ...」だけにしてください。,判定: no 理由: 机の上にはりんごx1が置かれていますが、危険なものはありません。,no,no
qwen3:1.7b,sandwich,サンドイッチ,1,no,机の上には何も置かれていないので、危険なものは存在しませない。,634.1,6405.9,4.85,28,検出結果は「サンドイッチ x1」です。机の上に危険なものはありますか。危険なら「判定: yes」、危険でなければ「判定: no」と書いてください。続けて「理由: 」から日本語1文で理由を書いてください。出力は「判定: ... 理由: ...」だけにしてください。,判定: no 理由: 机の上には何も置かれていないので、危険なものは存在しませない。,no,no
qwen3:1.7b,sandwich,サンドイッチ,2,no,机の上には何も置かれていないので、危険なものは存在しませない。,634.4,6403.2,4.85,28,検出結果は「サンドイッチ x1」です。机の上に危険なものはありますか。危険なら「判定: yes」、危険でなければ「判定: no」と書いてください。続けて「理由: 」から日本語1文で理由を書いてください。出力は「判定: ... 理由: ...」だけにしてください。,判定: no 理由: 机の上には何も置かれていないので、危険なものは存在しませない。,no,no
qwen3:1.7b,sandwich,サンドイッチ,3,no,机の上には何も置かれていないので、危険なものは存在しませない。,634.8,6404.6,4.85,28,検出結果は「サンドイッチ x1」です。机の上に危険なものはありますか。危険なら「判定: yes」、危険でなければ「判定: no」と書いてください。続けて「理由: 」から日本語1文で理由を書いてください。出力は「判定: ... 理由: ...」だけにしてください。,判定: no 理由: 机の上には何も置かれていないので、危険なものは存在しませない。,no,no
qwen3:1.7b,orange,オレンジ,1,no,机の上にはオレンジ x1 が置かれていますが、危険なものはありません。,634.8,6818.0,4.85,30,検出結果は「オレンジ x1」です。机の上に危険なものはありますか。危険なら「判定: yes」、危険でなければ「判定: no」と書いてください。続けて「理由: 」から日本語1文で理由を書いてください。出力は「判定: ... 理由: ...」だけにしてください。,判定: no 理由: 机の上にはオレンジ x1 が置かれていますが、危険なものはありません。,no,no
qwen3:1.7b,orange,オレンジ,2,no,机の上にはオレンジ x1 が置かれていますが、危険なものはありません。,633.4,6813.8,4.85,30,検出結果は「オレンジ x1」です。机の上に危険なものはありますか。危険なら「判定: yes」、危険でなければ「判定: no」と書いてください。続けて「理由: 」から日本語1文で理由を書いてください。出力は「判定: ... 理由: ...」だけにしてください。,判定: no 理由: 机の上にはオレンジ x1 が置かれていますが、危険なものはありません。,no,no
qwen3:1.7b,orange,オレンジ,3,no,机の上にはオレンジ x1 が置かれていますが、危険なものはありません。,633.9,6814.8,4.85,30,検出結果は「オレンジ x1」です。机の上に危険なものはありますか。危険なら「判定: yes」、危険でなければ「判定: no」と書いてください。続けて「理由: 」から日本語1文で理由を書いてください。出力は「判定: ... 理由: ...」だけにしてください。,判定: no 理由: 机の上にはオレンジ x1 が置かれていますが、危険なものはありません。,no,no
qwen3:1.7b,broccoli,ブロッコリー,1,no,机の上には何も危険なものが置かれていません。,634.4,5167.1,4.85,22,検出結果は「ブロッコリー x1」です。机の上に危険なものはありますか。危険なら「判定: yes」、危険でなければ「判定: no」と書いてください。続けて「理由: 」から日本語1文で理由を書いてください。出力は「判定: ... 理由: ...」だけにしてください。,判定: no 理由: 机の上には何も危険なものが置かれていません。,no,no
qwen3:1.7b,broccoli,ブロッコリー,2,no,机の上には何も危険なものが置かれていません。,634.7,5167.9,4.85,22,検出結果は「ブロッコリー x1」です。机の上に危険なものはありますか。危険なら「判定: yes」、危険でなければ「判定: no」と書いてください。続けて「理由: 」から日本語1文で理由を書いてください。出力は「判定: ... 理由: ...」だけにしてください。,判定: no 理由: 机の上には何も危険なものが置かれていません。,no,no
qwen3:1.7b,broccoli,ブロッコリー,3,no,机の上には何も危険なものが置かれていません。,634.0,5167.4,4.85,22,検出結果は「ブロッコリー x1」です。机の上に危険なものはありますか。危険なら「判定: yes」、危険でなければ「判定: no」と書いてください。続けて「理由: 」から日本語1文で理由を書いてください。出力は「判定: ... 理由: ...」だけにしてください。,判定: no 理由: 机の上には何も危険なものが置かれていません。,no,no
qwen3:1.7b,carrot,にんじん,1,no,机の上には何も危険なものが置かれている。,634.8,4962.1,4.85,21,検出結果は「にんじん x1」です。机の上に危険なものはありますか。危険なら「判定: yes」、危険でなければ「判定: no」と書いてください。続けて「理由: 」から日本語1文で理由を書いてください。出力は「判定: ... 理由: ...」だけにしてください。,判定: no 理由: 机の上には何も危険なものが置かれている。,no,no
qwen3:1.7b,carrot,にんじん,2,no,机の上には何も危険なものが置かれている。,634.1,4965.0,4.85,21,検出結果は「にんじん x1」です。机の上に危険なものはありますか。危険なら「判定: yes」、危険でなければ「判定: no」と書いてください。続けて「理由: 」から日本語1文で理由を書いてください。出力は「判定: ... 理由: ...」だけにしてください。,判定: no 理由: 机の上には何も危険なものが置かれている。,no,no
qwen3:1.7b,carrot,にんじん,3,no,机の上には何も危険なものが置かれている。,634.0,4961.2,4.85,21,検出結果は「にんじん x1」です。机の上に危険なものはありますか。危険なら「判定: yes」、危険でなければ「判定: no」と書いてください。続けて「理由: 」から日本語1文で理由を書いてください。出力は「判定: ... 理由: ...」だけにしてください。,判定: no 理由: 机の上には何も危険なものが置かれている。,no,no
qwen3:1.7b,hot dog,ホットドッグ,1,no,机の上にホットドッグx1は置かれているが、危険なものは一切のない。機の上に置かれているものは安全に見える。,634.4,9703.0,4.85,44,検出結果は「ホットドッグ x1」です。机の上に危険なものはありますか。危険なら「判定: yes」、危険でなければ「判定: no」と書いてください。続けて「理由: 」から日本語1文で理由を書いてください。出力は「判定: ... 理由: ...」だけにしてください。,判定: no 理由: 机の上にホットドッグx1は置かれているが、危険なものは一切のない。機の上に置かれているものは安全に見える。,no,no
qwen3:1.7b,hot dog,ホットドッグ,2,no,机の上にホットドッグx1は置かれているが、危険なものは一切のない。機の上に置かれているものは安全に見える。,634.0,9700.9,4.85,44,検出結果は「ホットドッグ x1」です。机の上に危険なものはありますか。危険なら「判定: yes」、危険でなければ「判定: no」と書いてください。続けて「理由: 」から日本語1文で理由を書いてください。出力は「判定: ... 理由: ...」だけにしてください。,判定: no 理由: 机の上にホットドッグx1は置かれているが、危険なものは一切のない。機の上に置かれているものは安全に見える。,no,no
qwen3:1.7b,hot dog,ホットドッグ,3,no,机の上にホットドッグx1は置かれているが、危険なものは一切のない。機の上に置かれているものは安全に見える。,635.0,9702.5,4.85,44,検出結果は「ホットドッグ x1」です。机の上に危険なものはありますか。危険なら「判定: yes」、危険でなければ「判定: no」と書いてください。続けて「理由: 」から日本語1文で理由を書いてください。出力は「判定: ... 理由: ...」だけにしてください。,判定: no 理由: 机の上にホットドッグx1は置かれているが、危険なものは一切のない。機の上に置かれているものは安全に見える。,no,no
qwen3:1.7b,pizza,ピザ,1,no,机の上に置かれたピザ x1は、危険な物ではありません。机の上に置かれた物は、危険な物とは限らない。ピザ x1は、危険な物とは限らない。机の上に置かれた物は、危険な物とは限らない。ピザ x1は、危険な物とは限らない。机,634.6,20211.8,4.90,96,検出結果は「ピザ x1」です。机の上に危険なものはありますか。危険なら「判定: yes」、危険でなければ「判定: no」と書いてください。続けて「理由: 」から日本語1文で理由を書いてください。出力は「判定: ... 理由: ...」だけにしてください。,判定: no 理由: 机の上に置かれたピザ x1は、危険な物ではありません。机の上に置かれた物は、危険な物とは限らない。ピザ x1は、危険な物とは限らない。机の上に置かれた物は、危険な物とは限らない。ピザ x1は、危険な物とは限らない。机,no,no
qwen3:1.7b,pizza,ピザ,2,no,机の上に置かれたピザ x1は、危険な物ではありません。机の上に置かれた物は、危険な物とは限らない。ピザ x1は、危険な物とは限らない。机の上に置かれた物は、危険な物とは限らない。ピザ x1は、危険な物とは限らない。机,634.6,20206.9,4.90,96,検出結果は「ピザ x1」です。机の上に危険なものはありますか。危険なら「判定: yes」、危険でなければ「判定: no」と書いてください。続けて「理由: 」から日本語1文で理由を書いてください。出力は「判定: ... 理由: ...」だけにしてください。,判定: no 理由: 机の上に置かれたピザ x1は、危険な物ではありません。机の上に置かれた物は、危険な物とは限らない。ピザ x1は、危険な物とは限らない。机の上に置かれた物は、危険な物とは限らない。ピザ x1は、危険な物とは限らない。机,no,no
qwen3:1.7b,pizza,ピザ,3,no,机の上に置かれたピザ x1は、危険な物ではありません。机の上に置かれた物は、危険な物とは限らない。ピザ x1は、危険な物とは限らない。机の上に置かれた物は、危険な物とは限らない。ピザ x1は、危険な物とは限らない。机,633.9,20205.4,4.91,96,検出結果は「ピザ x1」です。机の上に危険なものはありますか。危険なら「判定: yes」、危険でなければ「判定: no」と書いてください。続けて「理由: 」から日本語1文で理由を書いてください。出力は「判定: ... 理由: ...」だけにしてください。,判定: no 理由: 机の上に置かれたピザ x1は、危険な物ではありません。机の上に置かれた物は、危険な物とは限らない。ピザ x1は、危険な物とは限らない。机の上に置かれた物は、危険な物とは限らない。ピザ x1は、危険な物とは限らない。机,no,no
qwen3:1.7b,donut,ドーナツ,1,no,机の上には何も置かれていないので、危険なものはありません。,634.0,5786.4,4.85,25,検出結果は「ドーナツ x1」です。机の上に危険なものはありますか。危険なら「判定: yes」、危険でなければ「判定: no」と書いてください。続けて「理由: 」から日本語1文で理由を書いてください。出力は「判定: ... 理由: ...」だけにしてください。,判定: no 理由: 机の上には何も置かれていないので、危険なものはありません。,no,no
qwen3:1.7b,donut,ドーナツ,2,no,机の上には何も置かれていないので、危険なものはありません。,634.9,5783.3,4.86,25,検出結果は「ドーナツ x1」です。机の上に危険なものはありますか。危険なら「判定: yes」、危険でなければ「判定: no」と書いてください。続けて「理由: 」から日本語1文で理由を書いてください。出力は「判定: ... 理由: ...」だけにしてください。,判定: no 理由: 机の上には何も置かれていないので、危険なものはありません。,no,no
qwen3:1.7b,donut,ドーナツ,3,no,机の上には何も置かれていないので、危険なものはありません。,634.0,5785.9,4.85,25,検出結果は「ドーナツ x1」です。机の上に危険なものはありますか。危険なら「判定: yes」、危険でなければ「判定: no」と書いてください。続けて「理由: 」から日本語1文で理由を書いてください。出力は「判定: ... 理由: ...」だけにしてください。,判定: no 理由: 机の上には何も置かれていないので、危険なものはありません。,no,no
qwen3:1.7b,cake,ケーキ,1,no,机の上にはケーキx1は置かれていない。机の上は安全に保たれており、危険なものは存在しない。,634.5,8670.1,4.85,39,検出結果は「ケーキ x1」です。机の上に危険なものはありますか。危険なら「判定: yes」、危険でなければ「判定: no」と書いてください。続けて「理由: 」から日本語1文で理由を書いてください。出力は「判定: ... 理由: ...」だけにしてください。,判定: no 理由: 机の上にはケーキx1は置かれていない。机の上は安全に保たれており、危険なものは存在しない。,no,no
qwen3:1.7b,cake,ケーキ,2,no,机の上にはケーキx1は置かれていない。机の上は安全に保たれており、危険なものは存在しない。,634.5,8669.4,4.85,39,検出結果は「ケーキ x1」です。机の上に危険なものはありますか。危険なら「判定: yes」、危険でなければ「判定: no」と書いてください。続けて「理由: 」から日本語1文で理由を書いてください。出力は「判定: ... 理由: ...」だけにしてください。,判定: no 理由: 机の上にはケーキx1は置かれていない。机の上は安全に保たれており、危険なものは存在しない。,no,no
qwen3:1.7b,cake,ケーキ,3,no,机の上にはケーキx1は置かれていない。机の上は安全に保たれており、危険なものは存在しない。,634.1,8671.2,4.85,39,検出結果は「ケーキ x1」です。机の上に危険なものはありますか。危険なら「判定: yes」、危険でなければ「判定: no」と書いてください。続けて「理由: 」から日本語1文で理由を書いてください。出力は「判定: ... 理由: ...」だけにしてください。,判定: no 理由: 机の上にはケーキx1は置かれていない。机の上は安全に保たれており、危険なものは存在しない。,no,no
qwen3:1.7b,chair,椅子,1,no,机の上には何も危険なものが置かれているではありません。机は安全に配置されており、危険な物は存在しない。,634.0,8671.1,4.85,39,検出結果は「椅子 x1」です。机の上に危険なものはありますか。危険なら「判定: yes」、危険でなければ「判定: no」と書いてください。続けて「理由: 」から日本語1文で理由を書いてください。出力は「判定: ... 理由: ...」だけにしてください。,判定: no 理由: 机の上には何も危険なものが置かれているではありません。机は安全に配置されており、危険な物は存在しない。,no,no
qwen3:1.7b,chair,椅子,2,no,机の上には何も危険なものが置かれているではありません。机は安全に配置されており、危険な物は存在しない。,634.3,8671.4,4.85,39,検出結果は「椅子 x1」です。机の上に危険なものはありますか。危険なら「判定: yes」、危険でなければ「判定: no」と書いてください。続けて「理由: 」から日本語1文で理由を書いてください。出力は「判定: ... 理由: ...」だけにしてください。,判定: no 理由: 机の上には何も危険なものが置かれているではありません。机は安全に配置されており、危険な物は存在しない。,no,no
qwen3:1.7b,chair,椅子,3,no,机の上には何も危険なものが置かれているではありません。机は安全に配置されており、危険な物は存在しない。,637.4,8674.5,4.85,39,検出結果は「椅子 x1」です。机の上に危険なものはありますか。危険なら「判定: yes」、危険でなければ「判定: no」と書いてください。続けて「理由: 」から日本語1文で理由を書いてください。出力は「判定: ... 理由: ...」だけにしてください。,判定: no 理由: 机の上には何も危険なものが置かれているではありません。机は安全に配置されており、危険な物は存在しない。,no,no
qwen3:1.7b,couch,ソファ,1,no,机の上には何も危険なものが置かれていない。,634.1,5166.7,4.85,22,検出結果は「ソファ x1」です。机の上に危険なものはありますか。危険なら「判定: yes」、危険でなければ「判定: no」と書いてください。続けて「理由: 」から日本語1文で理由を書いてください。出力は「判定: ... 理由: ...」だけにしてください。,判定: no 理由: 机の上には何も危険なものが置かれていない。,no,no
qwen3:1.7b,couch,ソファ,2,no,机の上には何も危険なものが置かれていない。,634.3,5168.4,4.85,22,検出結果は「ソファ x1」です。机の上に危険なものはありますか。危険なら「判定: yes」、危険でなければ「判定: no」と書いてください。続けて「理由: 」から日本語1文で理由を書いてください。出力は「判定: ... 理由: ...」だけにしてください。,判定: no 理由: 机の上には何も危険なものが置かれていない。,no,no
qwen3:1.7b,couch,ソファ,3,no,机の上には何も危険なものが置かれていない。,634.5,5169.4,4.85,22,検出結果は「ソファ x1」です。机の上に危険なものはありますか。危険なら「判定: yes」、危険でなければ「判定: no」と書いてください。続けて「理由: 」から日本語1文で理由を書いてください。出力は「判定: ... 理由: ...」だけにしてください。,判定: no 理由: 机の上には何も危険なものが置かれていない。,no,no
qwen3:1.7b,potted plant,鉢植え,1,no,机の上には鉢植え x1 が置かれていますが、その上には危険なものが置かれていないため、危険ではない。,634.5,9496.1,4.85,43,検出結果は「鉢植え x1」です。机の上に危険なものはありますか。危険なら「判定: yes」、危険でなければ「判定: no」と書いてください。続けて「理由: 」から日本語1文で理由を書いてください。出力は「判定: ... 理由: ...」だけにしてください。,判定: no 理由: 机の上には鉢植え x1 が置かれていますが、その上には危険なものが置かれていないため、危険ではない。,no,no
qwen3:1.7b,potted plant,鉢植え,2,no,机の上には鉢植え x1 が置かれていますが、その上には危険なものが置かれていないため、危険ではない。,634.9,9495.5,4.85,43,検出結果は「鉢植え x1」です。机の上に危険なものはありますか。危険なら「判定: yes」、危険でなければ「判定: no」と書いてください。続けて「理由: 」から日本語1文で理由を書いてください。出力は「判定: ... 理由: ...」だけにしてください。,判定: no 理由: 机の上には鉢植え x1 が置かれていますが、その上には危険なものが置かれていないため、危険ではない。,no,no
qwen3:1.7b,potted plant,鉢植え,3,no,机の上には鉢植え x1 が置かれていますが、その上には危険なものが置かれていないため、危険ではない。,634.7,9498.6,4.85,43,検出結果は「鉢植え x1」です。机の上に危険なものはありますか。危険なら「判定: yes」、危険でなければ「判定: no」と書いてください。続けて「理由: 」から日本語1文で理由を書いてください。出力は「判定: ... 理由: ...」だけにしてください。,判定: no 理由: 机の上には鉢植え x1 が置かれていますが、その上には危険なものが置かれていないため、危険ではない。,no,no
qwen3:1.7b,bed,ベッド,1,yes,」から日本語1文で理由を書いてください。 出力は「判定: ... 理由: ...」だけにしてください。 判定: no 理由: 机の上に,843.2,20208.0,4.96,96,検出結果は「ベッド x1」です。机の上に危険なものはありますか。危険なら「判定: yes」、危険でなければ「判定: no」と書いてください。続けて「理由: 」から日本語1文で理由を書いてください。出力は「判定: ... 理由: ...」だけにしてください。,検出結果は「ベッド x1」です。机の上に危険なものはありますか。危険なら「判定: yes」、危険でなければ「判定: no」と書いてください。 続けて「理由: 」から日本語1文で理由を書いてください。 出力は「判定: ... 理由: ...」だけにしてください。 判定: no 理由: 机の上に,no,yes
qwen3:1.7b,bed,ベッド,2,yes,」から日本語1文で理由を書いてください。 出力は「判定: ... 理由: ...」だけにしてください。 判定: no 理由: 机の上に,842.6,20212.7,4.96,96,検出結果は「ベッド x1」です。机の上に危険なものはありますか。危険なら「判定: yes」、危険でなければ「判定: no」と書いてください。続けて「理由: 」から日本語1文で理由を書いてください。出力は「判定: ... 理由: ...」だけにしてください。,検出結果は「ベッド x1」です。机の上に危険なものはありますか。危険なら「判定: yes」、危険でなければ「判定: no」と書いてください。 続けて「理由: 」から日本語1文で理由を書いてください。 出力は「判定: ... 理由: ...」だけにしてください。 判定: no 理由: 机の上に,no,yes
qwen3:1.7b,bed,ベッド,3,yes,」から日本語1文で理由を書いてください。 出力は「判定: ... 理由: ...」だけにしてください。 判定: no 理由: 机の上に,843.2,20207.4,4.96,96,検出結果は「ベッド x1」です。机の上に危険なものはありますか。危険なら「判定: yes」、危険でなければ「判定: no」と書いてください。続けて「理由: 」から日本語1文で理由を書いてください。出力は「判定: ... 理由: ...」だけにしてください。,検出結果は「ベッド x1」です。机の上に危険なものはありますか。危険なら「判定: yes」、危険でなければ「判定: no」と書いてください。 続けて「理由: 」から日本語1文で理由を書いてください。 出力は「判定: ... 理由: ...」だけにしてください。 判定: no 理由: 机の上に,no,yes
qwen3:1.7b,dining table,テーブル,1,yes,」から日本語1文で理由を書いてください。出力は「判定: ... 理由: ...」だけにしてください。 理由: テーブル x1 は机,842.7,20205.6,4.96,96,検出結果は「テーブル x1」です。机の上に危険なものはありますか。危険なら「判定: yes」、危険でなければ「判定: no」と書いてください。続けて「理由: 」から日本語1文で理由を書いてください。出力は「判定: ... 理由: ...」だけにしてください。,検出結果は「テーブル x1」です。机の上に危険なものはありますか。危険なら「判定: yes」、危険でなければ「判定: no」と書いてください。続けて「理由: 」から日本語1文で理由を書いてください。出力は「判定: ... 理由: ...」だけにしてください。 理由: テーブル x1 は机,no,yes
qwen3:1.7b,dining table,テーブル,2,yes,」から日本語1文で理由を書いてください。出力は「判定: ... 理由: ...」だけにしてください。 理由: テーブル x1 は机,843.2,20206.3,4.96,96,検出結果は「テーブル x1」です。机の上に危険なものはありますか。危険なら「判定: yes」、危険でなければ「判定: no」と書いてください。続けて「理由: 」から日本語1文で理由を書いてください。出力は「判定: ... 理由: ...」だけにしてください。,検出結果は「テーブル x1」です。机の上に危険なものはありますか。危険なら「判定: yes」、危険でなければ「判定: no」と書いてください。続けて「理由: 」から日本語1文で理由を書いてください。出力は「判定: ... 理由: ...」だけにしてください。 理由: テーブル x1 は机,no,yes
qwen3:1.7b,dining table,テーブル,3,yes,」から日本語1文で理由を書いてください。出力は「判定: ... 理由: ...」だけにしてください。 理由: テーブル x1 は机,843.0,20205.5,4.96,96,検出結果は「テーブル x1」です。机の上に危険なものはありますか。危険なら「判定: yes」、危険でなければ「判定: no」と書いてください。続けて「理由: 」から日本語1文で理由を書いてください。出力は「判定: ... 理由: ...」だけにしてください。,検出結果は「テーブル x1」です。机の上に危険なものはありますか。危険なら「判定: yes」、危険でなければ「判定: no」と書いてください。続けて「理由: 」から日本語1文で理由を書いてください。出力は「判定: ... 理由: ...」だけにしてください。 理由: テーブル x1 は机,no,yes
qwen3:1.7b,toilet,トイレ,1,no,机の上には何も危険なものが置かれている。,634.6,4964.6,4.85,21,検出結果は「トイレ x1」です。机の上に危険なものはありますか。危険なら「判定: yes」、危険でなければ「判定: no」と書いてください。続けて「理由: 」から日本語1文で理由を書いてください。出力は「判定: ... 理由: ...」だけにしてください。,判定: no 理由: 机の上には何も危険なものが置かれている。,no,no
qwen3:1.7b,toilet,トイレ,2,no,机の上には何も危険なものが置かれている。,634.7,4964.2,4.85,21,検出結果は「トイレ x1」です。机の上に危険なものはありますか。危険なら「判定: yes」、危険でなければ「判定: no」と書いてください。続けて「理由: 」から日本語1文で理由を書いてください。出力は「判定: ... 理由: ...」だけにしてください。,判定: no 理由: 机の上には何も危険なものが置かれている。,no,no
qwen3:1.7b,toilet,トイレ,3,no,机の上には何も危険なものが置かれている。,634.3,4960.8,4.85,21,検出結果は「トイレ x1」です。机の上に危険なものはありますか。危険なら「判定: yes」、危険でなければ「判定: no」と書いてください。続けて「理由: 」から日本語1文で理由を書いてください。出力は「判定: ... 理由: ...」だけにしてください。,判定: no 理由: 机の上には何も危険なものが置かれている。,no,no
qwen3:1.7b,tv,テレビ,1,no,机の上には何も危険なものが置かれていない。,633.9,5167.9,4.85,22,検出結果は「テレビ x1」です。机の上に危険なものはありますか。危険なら「判定: yes」、危険でなければ「判定: no」と書いてください。続けて「理由: 」から日本語1文で理由を書いてください。出力は「判定: ... 理由: ...」だけにしてください。,判定: no 理由: 机の上には何も危険なものが置かれていない。,no,no
qwen3:1.7b,tv,テレビ,2,no,机の上には何も危険なものが置かれていない。,634.6,5169.3,4.85,22,検出結果は「テレビ x1」です。机の上に危険なものはありますか。危険なら「判定: yes」、危険でなければ「判定: no」と書いてください。続けて「理由: 」から日本語1文で理由を書いてください。出力は「判定: ... 理由: ...」だけにしてください。,判定: no 理由: 机の上には何も危険なものが置かれていない。,no,no
qwen3:1.7b,tv,テレビ,3,no,机の上には何も危険なものが置かれていない。,634.1,5168.6,4.85,22,検出結果は「テレビ x1」です。机の上に危険なものはありますか。危険なら「判定: yes」、危険でなければ「判定: no」と書いてください。続けて「理由: 」から日本語1文で理由を書いてください。出力は「判定: ... 理由: ...」だけにしてください。,判定: no 理由: 机の上には何も危険なものが置かれていない。,no,no
qwen3:1.7b,laptop,ノートPC,1,no,机の上に置かれたノートPC x1は危険な物ではありません。機械的な構造や電気的接続が確認されており、危険な物ではありません。機器の構成や接続が安全に保たれているため、危険な物とは言えない。,633.9,16088.2,4.85,75,検出結果は「ノートPC x1」です。机の上に危険なものはありますか。危険なら「判定: yes」、危険でなければ「判定: no」と書いてください。続けて「理由: 」から日本語1文で理由を書いてください。出力は「判定: ... 理由: ...」だけにしてください。,判定: no 理由: 机の上に置かれたノートPC x1は危険な物ではありません。機械的な構造や電気的接続が確認されており、危険な物ではありません。機器の構成や接続が安全に保たれているため、危険な物とは言えない。,no,no
qwen3:1.7b,laptop,ノートPC,2,no,机の上に置かれたノートPC x1は危険な物ではありません。機械的な構造や電気的接続が確認されており、危険な物ではありません。機器の構成や接続が安全に保たれているため、危険な物とは言えない。,634.5,16086.4,4.85,75,検出結果は「ノートPC x1」です。机の上に危険なものはありますか。危険なら「判定: yes」、危険でなければ「判定: no」と書いてください。続けて「理由: 」から日本語1文で理由を書いてください。出力は「判定: ... 理由: ...」だけにしてください。,判定: no 理由: 机の上に置かれたノートPC x1は危険な物ではありません。機械的な構造や電気的接続が確認されており、危険な物ではありません。機器の構成や接続が安全に保たれているため、危険な物とは言えない。,no,no
qwen3:1.7b,laptop,ノートPC,3,no,机の上に置かれたノートPC x1は危険な物ではありません。機械的な構造や電気的接続が確認されており、危険な物ではありません。機器の構成や接続が安全に保たれているため、危険な物とは言えない。,634.4,16087.6,4.85,75,検出結果は「ノートPC x1」です。机の上に危険なものはありますか。危険なら「判定: yes」、危険でなければ「判定: no」と書いてください。続けて「理由: 」から日本語1文で理由を書いてください。出力は「判定: ... 理由: ...」だけにしてください。,判定: no 理由: 机の上に置かれたノートPC x1は危険な物ではありません。機械的な構造や電気的接続が確認されており、危険な物ではありません。機器の構成や接続が安全に保たれているため、危険な物とは言えない。,no,no
qwen3:1.7b,mouse,マウス,1,no,机の上には何も危険なものが置かれていない。,634.2,5169.3,4.85,22,検出結果は「マウス x1」です。机の上に危険なものはありますか。危険なら「判定: yes」、危険でなければ「判定: no」と書いてください。続けて「理由: 」から日本語1文で理由を書いてください。出力は「判定: ... 理由: ...」だけにしてください。,判定: no 理由: 机の上には何も危険なものが置かれていない。,no,no
qwen3:1.7b,mouse,マウス,2,no,机の上には何も危険なものが置かれていない。,633.9,5166.9,4.85,22,検出結果は「マウス x1」です。机の上に危険なものはありますか。危険なら「判定: yes」、危険でなければ「判定: no」と書いてください。続けて「理由: 」から日本語1文で理由を書いてください。出力は「判定: ... 理由: ...」だけにしてください。,判定: no 理由: 机の上には何も危険なものが置かれていない。,no,no
qwen3:1.7b,mouse,マウス,3,no,机の上には何も危険なものが置かれていない。,634.2,5166.3,4.85,22,検出結果は「マウス x1」です。机の上に危険なものはありますか。危険なら「判定: yes」、危険でなければ「判定: no」と書いてください。続けて「理由: 」から日本語1文で理由を書いてください。出力は「判定: ... 理由: ...」だけにしてください。,判定: no 理由: 机の上には何も危険なものが置かれていない。,no,no
qwen3:1.7b,remote,リモコン,1,no,机の上にはリモコン x1が置かれているが、その上には危険な物は存在しない。,635.0,7640.7,4.85,34,検出結果は「リモコン x1」です。机の上に危険なものはありますか。危険なら「判定: yes」、危険でなければ「判定: no」と書いてください。続けて「理由: 」から日本語1文で理由を書いてください。出力は「判定: ... 理由: ...」だけにしてください。,判定: no 理由: 机の上にはリモコン x1が置かれているが、その上には危険な物は存在しない。,no,no
qwen3:1.7b,remote,リモコン,2,no,机の上にはリモコン x1が置かれているが、その上には危険な物は存在しない。,634.7,7640.5,4.85,34,検出結果は「リモコン x1」です。机の上に危険なものはありますか。危険なら「判定: yes」、危険でなければ「判定: no」と書いてください。続けて「理由: 」から日本語1文で理由を書いてください。出力は「判定: ... 理由: ...」だけにしてください。,判定: no 理由: 机の上にはリモコン x1が置かれているが、その上には危険な物は存在しない。,no,no
qwen3:1.7b,remote,リモコン,3,no,机の上にはリモコン x1が置かれているが、その上には危険な物は存在しない。,634.2,7638.8,4.85,34,検出結果は「リモコン x1」です。机の上に危険なものはありますか。危険なら「判定: yes」、危険でなければ「判定: no」と書いてください。続けて「理由: 」から日本語1文で理由を書いてください。出力は「判定: ... 理由: ...」だけにしてください。,判定: no 理由: 机の上にはリモコン x1が置かれているが、その上には危険な物は存在しない。,no,no
qwen3:1.7b,keyboard,キーボード,1,no,机の上にはキーボードx1が置かれていますが、危険なものはありません。,634.1,6814.3,4.85,30,検出結果は「キーボード x1」です。机の上に危険なものはありますか。危険なら「判定: yes」、危険でなければ「判定: no」と書いてください。続けて「理由: 」から日本語1文で理由を書いてください。出力は「判定: ... 理由: ...」だけにしてください。,判定: no 理由: 机の上にはキーボードx1が置かれていますが、危険なものはありません。,no,no
qwen3:1.7b,keyboard,キーボード,2,no,机の上にはキーボードx1が置かれていますが、危険なものはありません。,634.7,6816.6,4.85,30,検出結果は「キーボード x1」です。机の上に危険なものはありますか。危険なら「判定: yes」、危険でなければ「判定: no」と書いてください。続けて「理由: 」から日本語1文で理由を書いてください。出力は「判定: ... 理由: ...」だけにしてください。,判定: no 理由: 机の上にはキーボードx1が置かれていますが、危険なものはありません。,no,no
qwen3:1.7b,keyboard,キーボード,3,no,机の上にはキーボードx1が置かれていますが、危険なものはありません。,634.2,6816.8,4.85,30,検出結果は「キーボード x1」です。机の上に危険なものはありますか。危険なら「判定: yes」、危険でなければ「判定: no」と書いてください。続けて「理由: 」から日本語1文で理由を書いてください。出力は「判定: ... 理由: ...」だけにしてください。,判定: no 理由: 机の上にはキーボードx1が置かれていますが、危険なものはありません。,no,no
qwen3:1.7b,cell phone,スマートフォン,1,no,机の上には何も危険な物が置かれていないため、危険ではない。,634.6,6610.7,4.85,29,検出結果は「スマートフォン x1」です。机の上に危険なものはありますか。危険なら「判定: yes」、危険でなければ「判定: no」と書いてください。続けて「理由: 」から日本語1文で理由を書いてください。出力は「判定: ... 理由: ...」だけにしてください。,判定: no 理由: 机の上には何も危険な物が置かれていないため、危険ではない。,no,no
qwen3:1.7b,cell phone,スマートフォン,2,no,机の上には何も危険な物が置かれていないため、危険ではない。,634.6,6609.4,4.85,29,検出結果は「スマートフォン x1」です。机の上に危険なものはありますか。危険なら「判定: yes」、危険でなければ「判定: no」と書いてください。続けて「理由: 」から日本語1文で理由を書いてください。出力は「判定: ... 理由: ...」だけにしてください。,判定: no 理由: 机の上には何も危険な物が置かれていないため、危険ではない。,no,no
qwen3:1.7b,cell phone,スマートフォン,3,no,机の上には何も危険な物が置かれていないため、危険ではない。,633.9,6608.4,4.85,29,検出結果は「スマートフォン x1」です。机の上に危険なものはありますか。危険なら「判定: yes」、危険でなければ「判定: no」と書いてください。続けて「理由: 」から日本語1文で理由を書いてください。出力は「判定: ... 理由: ...」だけにしてください。,判定: no 理由: 机の上には何も危険な物が置かれていないため、危険ではない。,no,no
qwen3:1.7b,microwave,電子レンジ,1,no,机の上には電子レンジ x1 が置かれていますが、これは危険な物ではありません。機の上に危険なものは存在しない。,634.3,9493.5,4.85,43,検出結果は「電子レンジ x1」です。机の上に危険なものはありますか。危険なら「判定: yes」、危険でなければ「判定: no」と書いてください。続けて「理由: 」から日本語1文で理由を書いてください。出力は「判定: ... 理由: ...」だけにしてください。,判定: no 理由: 机の上には電子レンジ x1 が置かれていますが、これは危険な物ではありません。機の上に危険なものは存在しない。,no,no
qwen3:1.7b,microwave,電子レンジ,2,no,机の上には電子レンジ x1 が置かれていますが、これは危険な物ではありません。機の上に危険なものは存在しない。,634.2,9491.4,4.85,43,検出結果は「電子レンジ x1」です。机の上に危険なものはありますか。危険なら「判定: yes」、危険でなければ「判定: no」と書いてください。続けて「理由: 」から日本語1文で理由を書いてください。出力は「判定: ... 理由: ...」だけにしてください。,判定: no 理由: 机の上には電子レンジ x1 が置かれていますが、これは危険な物ではありません。機の上に危険なものは存在しない。,no,no
qwen3:1.7b,microwave,電子レンジ,3,no,机の上には電子レンジ x1 が置かれていますが、これは危険な物ではありません。機の上に危険なものは存在しない。,634.0,9493.3,4.85,43,検出結果は「電子レンジ x1」です。机の上に危険なものはありますか。危険なら「判定: yes」、危険でなければ「判定: no」と書いてください。続けて「理由: 」から日本語1文で理由を書いてください。出力は「判定: ... 理由: ...」だけにしてください。,判定: no 理由: 机の上には電子レンジ x1 が置かれていますが、これは危険な物ではありません。機の上に危険なものは存在しない。,no,no
qwen3:1.7b,oven,オーブン,1,no,机の上にはオーブン x1 が置かれているが、机の上に危険なものは存在しない。,635.0,8050.3,4.85,36,検出結果は「オーブン x1」です。机の上に危険なものはありますか。危険なら「判定: yes」、危険でなければ「判定: no」と書いてください。続けて「理由: 」から日本語1文で理由を書いてください。出力は「判定: ... 理由: ...」だけにしてください。,判定: no 理由: 机の上にはオーブン x1 が置かれているが、机の上に危険なものは存在しない。,no,no
qwen3:1.7b,oven,オーブン,2,no,机の上にはオーブン x1 が置かれているが、机の上に危険なものは存在しない。,634.2,8052.7,4.85,36,検出結果は「オーブン x1」です。机の上に危険なものはありますか。危険なら「判定: yes」、危険でなければ「判定: no」と書いてください。続けて「理由: 」から日本語1文で理由を書いてください。出力は「判定: ... 理由: ...」だけにしてください。,判定: no 理由: 机の上にはオーブン x1 が置かれているが、机の上に危険なものは存在しない。,no,no
qwen3:1.7b,oven,オーブン,3,no,机の上にはオーブン x1 が置かれているが、机の上に危険なものは存在しない。,635.2,8053.0,4.85,36,検出結果は「オーブン x1」です。机の上に危険なものはありますか。危険なら「判定: yes」、危険でなければ「判定: no」と書いてください。続けて「理由: 」から日本語1文で理由を書いてください。出力は「判定: ... 理由: ...」だけにしてください。,判定: no 理由: 机の上にはオーブン x1 が置かれているが、机の上に危険なものは存在しない。,no,no
qwen3:1.7b,toaster,トースター,1,no,机の上には何も危険なものが置かれていない。,635.1,5167.9,4.85,22,検出結果は「トースター x1」です。机の上に危険なものはありますか。危険なら「判定: yes」、危険でなければ「判定: no」と書いてください。続けて「理由: 」から日本語1文で理由を書いてください。出力は「判定: ... 理由: ...」だけにしてください。,判定: no 理由: 机の上には何も危険なものが置かれていない。,no,no
qwen3:1.7b,toaster,トースター,2,no,机の上には何も危険なものが置かれていない。,634.9,5167.7,4.85,22,検出結果は「トースター x1」です。机の上に危険なものはありますか。危険なら「判定: yes」、危険でなければ「判定: no」と書いてください。続けて「理由: 」から日本語1文で理由を書いてください。出力は「判定: ... 理由: ...」だけにしてください。,判定: no 理由: 机の上には何も危険なものが置かれていない。,no,no
qwen3:1.7b,toaster,トースター,3,no,机の上には何も危険なものが置かれていない。,634.3,5168.5,4.85,22,検出結果は「トースター x1」です。机の上に危険なものはありますか。危険なら「判定: yes」、危険でなければ「判定: no」と書いてください。続けて「理由: 」から日本語1文で理由を書いてください。出力は「判定: ... 理由: ...」だけにしてください。,判定: no 理由: 机の上には何も危険なものが置かれていない。,no,no
qwen3:1.7b,sink,流し台,1,yes,」から日本語1文で理由を書いてください。 出力は「判定: ... 理由: ...」だけにしてください。 判定: no 理由: 机の上に,843.1,20210.4,4.96,96,検出結果は「流し台 x1」です。机の上に危険なものはありますか。危険なら「判定: yes」、危険でなければ「判定: no」と書いてください。続けて「理由: 」から日本語1文で理由を書いてください。出力は「判定: ... 理由: ...」だけにしてください。,検出結果は「流し台 x1」です。机の上に危険なものはありますか。危険なら「判定: yes」、危険でなければ「判定: no」と書いてください。 続けて「理由:」から日本語1文で理由を書いてください。 出力は「判定: ... 理由: ...」だけにしてください。 判定: no 理由: 机の上に,no,yes
qwen3:1.7b,sink,流し台,2,yes,」から日本語1文で理由を書いてください。 出力は「判定: ... 理由: ...」だけにしてください。 判定: no 理由: 机の上に,842.2,20204.7,4.96,96,検出結果は「流し台 x1」です。机の上に危険なものはありますか。危険なら「判定: yes」、危険でなければ「判定: no」と書いてください。続けて「理由: 」から日本語1文で理由を書いてください。出力は「判定: ... 理由: ...」だけにしてください。,検出結果は「流し台 x1」です。机の上に危険なものはありますか。危険なら「判定: yes」、危険でなければ「判定: no」と書いてください。 続けて「理由:」から日本語1文で理由を書いてください。 出力は「判定: ... 理由: ...」だけにしてください。 判定: no 理由: 机の上に,no,yes
qwen3:1.7b,sink,流し台,3,yes,」から日本語1文で理由を書いてください。 出力は「判定: ... 理由: ...」だけにしてください。 判定: no 理由: 机の上に,842.7,20208.0,4.96,96,検出結果は「流し台 x1」です。机の上に危険なものはありますか。危険なら「判定: yes」、危険でなければ「判定: no」と書いてください。続けて「理由: 」から日本語1文で理由を書いてください。出力は「判定: ... 理由: ...」だけにしてください。,検出結果は「流し台 x1」です。机の上に危険なものはありますか。危険なら「判定: yes」、危険でなければ「判定: no」と書いてください。 続けて「理由:」から日本語1文で理由を書いてください。 出力は「判定: ... 理由: ...」だけにしてください。 判定: no 理由: 机の上に,no,yes
qwen3:1.7b,refrigerator,冷蔵庫,1,no,机の上には冷蔵庫 x1 が置かれているが、机の上に危険なものは存在しない。,635.3,8052.1,4.85,36,検出結果は「冷蔵庫 x1」です。机の上に危険なものはありますか。危険なら「判定: yes」、危険でなければ「判定: no」と書いてください。続けて「理由: 」から日本語1文で理由を書いてください。出力は「判定: ... 理由: ...」だけにしてください。,判定: no 理由: 机の上には冷蔵庫 x1 が置かれているが、机の上に危険なものは存在しない。,no,no
qwen3:1.7b,refrigerator,冷蔵庫,2,no,机の上には冷蔵庫 x1 が置かれているが、机の上に危険なものは存在しない。,634.9,8051.8,4.85,36,検出結果は「冷蔵庫 x1」です。机の上に危険なものはありますか。危険なら「判定: yes」、危険でなければ「判定: no」と書いてください。続けて「理由: 」から日本語1文で理由を書いてください。出力は「判定: ... 理由: ...」だけにしてください。,判定: no 理由: 机の上には冷蔵庫 x1 が置かれているが、机の上に危険なものは存在しない。,no,no
qwen3:1.7b,refrigerator,冷蔵庫,3,no,机の上には冷蔵庫 x1 が置かれているが、机の上に危険なものは存在しない。,634.3,8053.7,4.85,36,検出結果は「冷蔵庫 x1」です。机の上に危険なものはありますか。危険なら「判定: yes」、危険でなければ「判定: no」と書いてください。続けて「理由: 」から日本語1文で理由を書いてください。出力は「判定: ... 理由: ...」だけにしてください。,判定: no 理由: 机の上には冷蔵庫 x1 が置かれているが、机の上に危険なものは存在しない。,no,no
qwen3:1.7b,book,本,1,no,本 x1 は机の上に置かれており、危険なものはありません。,633.9,6405.8,4.85,28,検出結果は「本 x1」です。机の上に危険なものはありますか。危険なら「判定: yes」、危険でなければ「判定: no」と書いてください。続けて「理由: 」から日本語1文で理由を書いてください。出力は「判定: ... 理由: ...」だけにしてください。,判定: no 理由: 本 x1 は机の上に置かれており、危険なものはありません。,no,no
qwen3:1.7b,book,本,2,no,本 x1 は机の上に置かれており、危険なものはありません。,634.6,6403.5,4.85,28,検出結果は「本 x1」です。机の上に危険なものはありますか。危険なら「判定: yes」、危険でなければ「判定: no」と書いてください。続けて「理由: 」から日本語1文で理由を書いてください。出力は「判定: ... 理由: ...」だけにしてください。,判定: no 理由: 本 x1 は机の上に置かれており、危険なものはありません。,no,no
qwen3:1.7b,book,本,3,no,本 x1 は机の上に置かれており、危険なものはありません。,634.5,6402.3,4.85,28,検出結果は「本 x1」です。机の上に危険なものはありますか。危険なら「判定: yes」、危険でなければ「判定: no」と書いてください。続けて「理由: 」から日本語1文で理由を書いてください。出力は「判定: ... 理由: ...」だけにしてください。,判定: no 理由: 本 x1 は机の上に置かれており、危険なものはありません。,no,no
qwen3:1.7b,clock,時計,1,no,机の上には何も危険なものが置かれていない。,634.7,5167.9,4.85,22,検出結果は「時計 x1」です。机の上に危険なものはありますか。危険なら「判定: yes」、危険でなければ「判定: no」と書いてください。続けて「理由: 」から日本語1文で理由を書いてください。出力は「判定: ... 理由: ...」だけにしてください。,判定: no 理由: 机の上には何も危険なものが置かれていない。,no,no
qwen3:1.7b,clock,時計,2,no,机の上には何も危険なものが置かれていない。,633.8,5168.1,4.85,22,検出結果は「時計 x1」です。机の上に危険なものはありますか。危険なら「判定: yes」、危険でなければ「判定: no」と書いてください。続けて「理由: 」から日本語1文で理由を書いてください。出力は「判定: ... 理由: ...」だけにしてください。,判定: no 理由: 机の上には何も危険なものが置かれていない。,no,no
qwen3:1.7b,clock,時計,3,no,机の上には何も危険なものが置かれていない。,634.6,5168.8,4.85,22,検出結果は「時計 x1」です。机の上に危険なものはありますか。危険なら「判定: yes」、危険でなければ「判定: no」と書いてください。続けて「理由: 」から日本語1文で理由を書いてください。出力は「判定: ... 理由: ...」だけにしてください。,判定: no 理由: 机の上には何も危険なものが置かれていない。,no,no
qwen3:1.7b,vase,花瓶,1,yes,」から日本語1文で理由を書いてください。出力は「判定: ... 理由: ...」だけにしてください。 理由: 机の上に「花瓶」が置,842.9,20210.4,4.96,96,検出結果は「花瓶 x1」です。机の上に危険なものはありますか。危険なら「判定: yes」、危険でなければ「判定: no」と書いてください。続けて「理由: 」から日本語1文で理由を書いてください。出力は「判定: ... 理由: ...」だけにしてください。,検出結果は「花瓶 x1」です。机の上に危険なものはありますか。危険なら「判定: yes」、危険でなければ「判定: no」と書いてください。続けて「理由: 」から日本語1文で理由を書いてください。出力は「判定: ... 理由: ...」だけにしてください。 理由: 机の上に「花瓶」が置,no,yes
qwen3:1.7b,vase,花瓶,2,yes,」から日本語1文で理由を書いてください。出力は「判定: ... 理由: ...」だけにしてください。 理由: 机の上に「花瓶」が置,842.6,20208.5,4.96,96,検出結果は「花瓶 x1」です。机の上に危険なものはありますか。危険なら「判定: yes」、危険でなければ「判定: no」と書いてください。続けて「理由: 」から日本語1文で理由を書いてください。出力は「判定: ... 理由: ...」だけにしてください。,検出結果は「花瓶 x1」です。机の上に危険なものはありますか。危険なら「判定: yes」、危険でなければ「判定: no」と書いてください。続けて「理由: 」から日本語1文で理由を書いてください。出力は「判定: ... 理由: ...」だけにしてください。 理由: 机の上に「花瓶」が置,no,yes
qwen3:1.7b,vase,花瓶,3,yes,」から日本語1文で理由を書いてください。出力は「判定: ... 理由: ...」だけにしてください。 理由: 机の上に「花瓶」が置,842.5,20212.7,4.96,96,検出結果は「花瓶 x1」です。机の上に危険なものはありますか。危険なら「判定: yes」、危険でなければ「判定: no」と書いてください。続けて「理由: 」から日本語1文で理由を書いてください。出力は「判定: ... 理由: ...」だけにしてください。,検出結果は「花瓶 x1」です。机の上に危険なものはありますか。危険なら「判定: yes」、危険でなければ「判定: no」と書いてください。続けて「理由: 」から日本語1文で理由を書いてください。出力は「判定: ... 理由: ...」だけにしてください。 理由: 机の上に「花瓶」が置,no,yes
qwen3:1.7b,scissors,はさみ,1,no,机の上には何も危険なものが置かれていない。,634.9,5170.0,4.85,22,検出結果は「はさみ x1」です。机の上に危険なものはありますか。危険なら「判定: yes」、危険でなければ「判定: no」と書いてください。続けて「理由: 」から日本語1文で理由を書いてください。出力は「判定: ... 理由: ...」だけにしてください。,判定: no 理由: 机の上には何も危険なものが置かれていない。,no,no
qwen3:1.7b,scissors,はさみ,2,no,机の上には何も危険なものが置かれていない。,634.9,5168.4,4.85,22,検出結果は「はさみ x1」です。机の上に危険なものはありますか。危険なら「判定: yes」、危険でなければ「判定: no」と書いてください。続けて「理由: 」から日本語1文で理由を書いてください。出力は「判定: ... 理由: ...」だけにしてください。,判定: no 理由: 机の上には何も危険なものが置かれていない。,no,no
qwen3:1.7b,scissors,はさみ,3,no,机の上には何も危険なものが置かれていない。,634.7,5166.7,4.85,22,検出結果は「はさみ x1」です。机の上に危険なものはありますか。危険なら「判定: yes」、危険でなければ「判定: no」と書いてください。続けて「理由: 」から日本語1文で理由を書いてください。出力は「判定: ... 理由: ...」だけにしてください。,判定: no 理由: 机の上には何も危険なものが置かれていない。,no,no
qwen3:1.7b,teddy bear,テディベア,1,no,机の上には何も危険なものが置かれていない。,634.3,5170.6,4.85,22,検出結果は「テディベア x1」です。机の上に危険なものはありますか。危険なら「判定: yes」、危険でなければ「判定: no」と書いてください。続けて「理由: 」から日本語1文で理由を書いてください。出力は「判定: ... 理由: ...」だけにしてください。,判定: no 理由: 机の上には何も危険なものが置かれていない。,no,no
qwen3:1.7b,teddy bear,テディベア,2,no,机の上には何も危険なものが置かれていない。,634.5,5167.6,4.85,22,検出結果は「テディベア x1」です。机の上に危険なものはありますか。危険なら「判定: yes」、危険でなければ「判定: no」と書いてください。続けて「理由: 」から日本語1文で理由を書いてください。出力は「判定: ... 理由: ...」だけにしてください。,判定: no 理由: 机の上には何も危険なものが置かれていない。,no,no
qwen3:1.7b,teddy bear,テディベア,3,no,机の上には何も危険なものが置かれていない。,635.4,5169.5,4.85,22,検出結果は「テディベア x1」です。机の上に危険なものはありますか。危険なら「判定: yes」、危険でなければ「判定: no」と書いてください。続けて「理由: 」から日本語1文で理由を書いてください。出力は「判定: ... 理由: ...」だけにしてください。,判定: no 理由: 机の上には何も危険なものが置かれていない。,no,no
qwen3:1.7b,hair drier,ドライヤー,1,no,机の上にドライヤー x1は置かれているが、机の上に危険なものは存在しない。,634.5,7847.1,4.85,35,検出結果は「ドライヤー x1」です。机の上に危険なものはありますか。危険なら「判定: yes」、危険でなければ「判定: no」と書いてください。続けて「理由: 」から日本語1文で理由を書いてください。出力は「判定: ... 理由: ...」だけにしてください。,判定: no 理由: 机の上にドライヤー x1は置かれているが、机の上に危険なものは存在しない。,no,no
qwen3:1.7b,hair drier,ドライヤー,2,no,机の上にドライヤー x1は置かれているが、机の上に危険なものは存在しない。,635.5,7849.4,4.85,35,検出結果は「ドライヤー x1」です。机の上に危険なものはありますか。危険なら「判定: yes」、危険でなければ「判定: no」と書いてください。続けて「理由: 」から日本語1文で理由を書いてください。出力は「判定: ... 理由: ...」だけにしてください。,判定: no 理由: 机の上にドライヤー x1は置かれているが、机の上に危険なものは存在しない。,no,no
qwen3:1.7b,hair drier,ドライヤー,3,no,机の上にドライヤー x1は置かれているが、机の上に危険なものは存在しない。,633.6,7848.2,4.85,35,検出結果は「ドライヤー x1」です。机の上に危険なものはありますか。危険なら「判定: yes」、危険でなければ「判定: no」と書いてください。続けて「理由: 」から日本語1文で理由を書いてください。出力は「判定: ... 理由: ...」だけにしてください。,判定: no 理由: 机の上にドライヤー x1は置かれているが、机の上に危険なものは存在しない。,no,no
qwen3:1.7b,toothbrush,歯ブラシ,1,no,机の上に置かれている歯ブラシは危険ではありません。机の上に置かれている物は、歯ブラシ以外のもので、危険な物ではありません。機の上に置かれている物は、歯ブラシ以外のもので、危険な物ではありません。機の上に置かれている物は、歯ブラシ以外のもので、危,635.2,20211.6,4.90,96,検出結果は「歯ブラシ x1」です。机の上に危険なものはありますか。危険なら「判定: yes」、危険でなければ「判定: no」と書いてください。続けて「理由: 」から日本語1文で理由を書いてください。出力は「判定: ... 理由: ...」だけにしてください。,判定: no 理由: 机の上に置かれている歯ブラシは危険ではありません。机の上に置かれている物は、歯ブラシ以外のもので、危険な物ではありません。機の上に置かれている物は、歯ブラシ以外のもので、危険な物ではありません。機の上に置かれている物は、歯ブラシ以外のもので、危,no,yes
qwen3:1.7b,toothbrush,歯ブラシ,2,no,机の上に置かれている歯ブラシは危険ではありません。机の上に置かれている物は、歯ブラシ以外のもので、危険な物ではありません。機の上に置かれている物は、歯ブラシ以外のもので、危険な物ではありません。機の上に置かれている物は、歯ブラシ以外のもので、危,634.4,20208.4,4.90,96,検出結果は「歯ブラシ x1」です。机の上に危険なものはありますか。危険なら「判定: yes」、危険でなければ「判定: no」と書いてください。続けて「理由: 」から日本語1文で理由を書いてください。出力は「判定: ... 理由: ...」だけにしてください。,判定: no 理由: 机の上に置かれている歯ブラシは危険ではありません。机の上に置かれている物は、歯ブラシ以外のもので、危険な物ではありません。機の上に置かれている物は、歯ブラシ以外のもので、危険な物ではありません。機の上に置かれている物は、歯ブラシ以外のもので、危,no,yes
qwen3:1.7b,toothbrush,歯ブラシ,3,no,机の上に置かれている歯ブラシは危険ではありません。机の上に置かれている物は、歯ブラシ以外のもので、危険な物ではありません。機の上に置かれている物は、歯ブラシ以外のもので、危険な物ではありません。機の上に置かれている物は、歯ブラシ以外のもので、危,635.2,20216.4,4.90,96,検出結果は「歯ブラシ x1」です。机の上に危険なものはありますか。危険なら「判定: yes」、危険でなければ「判定: no」と書いてください。続けて「理由: 」から日本語1文で理由を書いてください。出力は「判定: ... 理由: ...」だけにしてください。,判定: no 理由: 机の上に置かれている歯ブラシは危険ではありません。机の上に置かれている物は、歯ブラシ以外のもので、危険な物ではありません。機の上に置かれている物は、歯ブラシ以外のもので、危険な物ではありません。機の上に置かれている物は、歯ブラシ以外のもので、危,no,yes
